timestamp,session_id,source,event,key,dwell_time,flight_time,button,inter_tap_time,hold_duration,x,y,dx,dy,distance,speed_px_per_s,direction_deg,accum_dx,accum_dy,direction,duration_s,scroll_speed,finger_count,pressure
1777264263.081336,1777264257,touchpad,move,,,,,,,1214.0,985.0,45.0,9.0,45.89,7547.7,11.3,,,,,,0,0
1777264263.081336,1777264257,touchpad,move,,,,,,,1493.0,1053.0,279.0,68.0,287.17,1630.52,13.7,,,,,,0,0
1777264263.092618,1777264257,touchpad,move,,,,,,,1494.0,1053.0,1.0,0.0,1.0,88.63,0.0,,,,,,0,0
1777264263.099671,1777264257,touchpad,move,,,,,,,1494.0,1053.0,0.0,0.0,0.0,0.0,0.0,,,,,,0,0
1777264263.140307,1777264257,touchpad,move,,,,,,,1494.0,1053.0,0.0,0.0,0.0,0.0,0.0,,,,,,0,0
1777264263.154203,1777264257,touchpad,move,,,,,,,1494.0,1053.0,0.0,0.0,0.0,0.0,0.0,,,,,,0,0
1777264263.161508,1777264257,touchpad,move,,,,,,,1494.0,1052.0,0.0,-1.0,1.0,136.89,-90.0,,,,,,0,0
1777264263.168837,1777264257,touchpad,move,,,,,,,1493.0,1051.0,-1.0,-1.0,1.41,192.96,-135.0,,,,,,0,0
1777264263.17554,1777264257,touchpad,move,,,,,,,1492.0,1050.0,-1.0,-1.0,1.41,210.96,-135.0,,,,,,0,0
1777264263.181587,1777264257,touchpad,move,,,,,,,1492.0,1050.0,0.0,0.0,0.0,0.0,0.0,,,,,,0,0
1777264263.188827,1777264257,touchpad,move,,,,,,,1490.0,1048.0,-2.0,-2.0,2.83,390.68,-135.0,,,,,,0,0
1777264263.196197,1777264257,touchpad,move,,,,,,,1489.0,1048.0,-1.0,0.0,1.0,135.69,180.0,,,,,,0,0
1777264263.20249,1777264257,touchpad,move,,,,,,,1484.0,1044.0,-5.0,-4.0,6.4,1017.45,-141.3,,,,,,0,0
1777264263.209275,1777264257,touchpad,move,,,,,,,1475.0,1041.0,-9.0,-3.0,9.49,1398.27,-161.6,,,,,,0,0
1777264263.216484,1777264257,touchpad,move,,,,,,,1464.0,1036.0,-11.0,-5.0,12.08,1676.04,-155.6,,,,,,0,0
1777264263.223387,1777264257,touchpad,move,,,,,,,1453.0,1033.0,-11.0,-3.0,11.4,1651.55,-164.7,,,,,,0,0
1777264263.230421,1777264257,touchpad,move,,,,,,,1439.0,1029.0,-14.0,-4.0,14.56,2070.24,-164.1,,,,,,0,0
1777264263.238328,1777264257,touchpad,move,,,,,,,1428.0,1025.0,-11.0,-4.0,11.7,1480.18,-160.0,,,,,,0,0
1777264263.24533,1777264257,touchpad,move,,,,,,,1415.0,1022.0,-13.0,-3.0,13.34,2223.42,-167.0,,,,,,0,0
1777264263.250918,1777264257,touchpad,move,,,,,,,1404.0,1019.0,-11.0,-3.0,11.4,1730.31,-164.7,,,,,,0,0
1777264263.25817,1777264257,touchpad,move,,,,,,,1394.0,1013.0,-10.0,-6.0,11.66,1608.1,-149.0,,,,,,0,0
1777264263.265142,1777264257,touchpad,move,,,,,,,1387.0,1010.0,-7.0,-3.0,7.62,1092.36,-156.8,,,,,,0,0
1777264263.272729,1777264257,touchpad,move,,,,,,,1382.0,1005.0,-5.0,-5.0,7.07,931.97,-135.0,,,,,,0,0
1777264263.278626,1777264257,touchpad,move,,,,,,,1379.0,1003.0,-3.0,-2.0,3.61,611.42,-146.3,,,,,,0,0
1777264263.286101,1777264257,touchpad,move,,,,,,,1374.0,1000.0,-5.0,-3.0,5.83,780.05,-149.0,,,,,,0,0
1777264263.292702,1777264257,touchpad,move,,,,,,,1372.0,997.0,-2.0,-3.0,3.61,546.26,-123.7,,,,,,0,0
1777264263.299664,1777264257,touchpad,move,,,,,,,1371.0,996.0,-1.0,-1.0,1.41,203.14,-135.0,,,,,,0,0
1777264263.306674,1777264257,touchpad,move,,,,,,,1370.0,995.0,-1.0,-1.0,1.41,201.74,-135.0,,,,,,0,0
1777264263.314212,1777264257,touchpad,move,,,,,,,1369.0,995.0,-1.0,0.0,1.0,132.66,180.0,,,,,,0,0
1777264263.321343,1777264257,touchpad,move,,,,,,,1368.0,994.0,-1.0,-1.0,1.41,232.93,-135.0,,,,,,0,0
1777264263.326939,1777264257,touchpad,move,,,,,,,1368.0,994.0,0.0,0.0,0.0,0.0,0.0,,,,,,0,0
1777264263.334231,1777264257,touchpad,move,,,,,,,1367.0,993.0,-1.0,-1.0,1.41,193.93,-135.0,,,,,,0,0
1777264263.341287,1777264257,touchpad,move,,,,,,,1367.0,993.0,0.0,0.0,0.0,0.0,0.0,,,,,,0,0
1777264263.347676,1777264257,touchpad,move,,,,,,,1366.0,993.0,-1.0,0.0,1.0,156.52,180.0,,,,,,0,0
1777264263.355281,1777264257,touchpad,move,,,,,,,1366.0,993.0,0.0,0.0,0.0,0.0,0.0,,,,,,0,0
1777264263.362323,1777264257,touchpad,move,,,,,,,1365.0,993.0,-1.0,0.0,1.0,142.02,180.0,,,,,,0,0
1777264263.383406,1777264257,touchpad,move,,,,,,,1365.0,992.0,0.0,-1.0,1.0,47.43,-90.0,,,,,,0,0
1777264263.389686,1777264257,touchpad,move,,,,,,,1364.0,992.0,-1.0,0.0,1.0,159.24,180.0,,,,,,0,0
1777264263.396214,1777264257,touchpad,move,,,,,,,1364.0,991.0,0.0,-1.0,1.0,153.17,-90.0,,,,,,0,0
1777264263.403379,1777264257,touchpad,move,,,,,,,1364.0,991.0,0.0,0.0,0.0,0.0,0.0,,,,,,0,0
1777264263.424204,1777264257,touchpad,move,,,,,,,1363.0,991.0,-1.0,0.0,1.0,48.02,180.0,,,,,,0,0
1777264263.438745,1777264257,touchpad,move,,,,,,,1363.0,990.0,0.0,-1.0,1.0,68.77,-90.0,,,,,,0,0
1777264263.444729,1777264257,touchpad,move,,,,,,,1363.0,988.0,0.0,-2.0,2.0,334.23,-90.0,,,,,,0,0
1777264263.451966,1777264257,touchpad,move,,,,,,,1362.0,986.0,-1.0,-2.0,2.24,308.95,-116.6,,,,,,0,0
1777264263.459501,1777264257,touchpad,move,,,,,,,1359.0,980.0,-3.0,-6.0,6.71,890.36,-116.6,,,,,,0,0
1777264263.46549,1777264257,touchpad,move,,,,,,,1356.0,973.0,-3.0,-7.0,7.62,1271.46,-113.2,,,,,,0,0
1777264263.472499,1777264257,touchpad,move,,,,,,,1351.0,960.0,-5.0,-13.0,13.93,1987.27,-111.0,,,,,,0,0
1777264263.47993,1777264257,touchpad,move,,,,,,,1346.0,944.0,-5.0,-16.0,16.76,2613.44,-107.4,,,,,,0,0
1777264263.486427,1777264257,touchpad,move,,,,,,,1334.0,916.0,-12.0,-28.0,30.46,4054.31,-113.2,,,,,,0,0
1777264263.492855,1777264257,touchpad,move,,,,,,,1330.0,905.0,-4.0,-11.0,11.7,1820.96,-110.0,,,,,,0,0
1777264263.500932,1777264257,touchpad,move,,,,,,,1327.0,899.0,-3.0,-6.0,6.71,830.57,-116.6,,,,,,0,0
1777264263.507415,1777264257,touchpad,move,,,,,,,1326.0,897.0,-1.0,-2.0,2.24,344.9,-116.6,,,,,,0,0
1777264263.515007,1777264257,touchpad,move,,,,,,,1325.0,896.0,-1.0,-1.0,1.41,186.28,-135.0,,,,,,0,0
1777264263.521119,1777264257,touchpad,move,,,,,,,1325.0,895.0,0.0,-1.0,1.0,163.6,-90.0,,,,,,0,0
1777264263.528075,1777264257,touchpad,move,,,,,,,1325.0,895.0,0.0,0.0,0.0,0.0,0.0,,,,,,0,0
1777264263.534097,1777264257,touchpad,move,,,,,,,1325.0,895.0,0.0,0.0,0.0,0.0,0.0,,,,,,0,0
1777264263.541775,1777264257,touchpad,move,,,,,,,1324.0,894.0,-1.0,-1.0,1.41,184.18,-135.0,,,,,,0,0
1777264263.55482,1777264257,touchpad,move,,,,,,,1324.0,894.0,0.0,0.0,0.0,0.0,0.0,,,,,,0,0
1777264263.562414,1777264257,touchpad,move,,,,,,,1324.0,894.0,0.0,0.0,0.0,0.0,0.0,,,,,,0,0
1777264263.577221,1777264257,touchpad,move,,,,,,,1324.0,893.0,0.0,-1.0,1.0,67.54,-90.0,,,,,,0,0
1777264263.58325,1777264257,touchpad,move,,,,,,,1323.0,892.0,-1.0,-1.0,1.41,234.55,-135.0,,,,,,0,0
1777264263.591337,1777264257,touchpad,move,,,,,,,1323.0,891.0,0.0,-1.0,1.0,123.66,-90.0,,,,,,0,0
1777264263.597712,1777264257,touchpad,move,,,,,,,1322.0,889.0,-1.0,-2.0,2.24,464.48,-116.6,,,,,,0,0
1777264263.603924,1777264257,touchpad,move,,,,,,,1322.0,882.0,0.0,-7.0,7.0,900.65,-90.0,,,,,,0,0
1777264263.611012,1777264257,touchpad,move,,,,,,,1320.0,865.0,-2.0,-17.0,17.12,2414.9,-96.7,,,,,,0,0
1777264263.618059,1777264257,touchpad,move,,,,,,,1319.0,848.0,-1.0,-17.0,17.03,2416.48,-93.4,,,,,,0,0
1777264263.624989,1777264257,touchpad,move,,,,,,,1318.0,841.0,-1.0,-7.0,7.07,1020.3,-98.1,,,,,,0,0
1777264263.632477,1777264257,touchpad,move,,,,,,,1318.0,838.0,0.0,-3.0,3.0,400.65,-90.0,,,,,,0,0
1777264263.639354,1777264257,touchpad,move,,,,,,,1317.0,835.0,-1.0,-3.0,3.16,459.85,-108.4,,,,,,0,0
1777264263.64592,1777264257,touchpad,move,,,,,,,1317.0,834.0,0.0,-1.0,1.0,152.29,-90.0,,,,,,0,0
1777264263.652586,1777264257,touchpad,move,,,,,,,1317.0,833.0,0.0,-1.0,1.0,150.02,-90.0,,,,,,0,0
1777264263.659775,1777264257,touchpad,move,,,,,,,1317.0,831.0,0.0,-2.0,2.0,278.18,-90.0,,,,,,0,0
1777264263.666165,1777264257,touchpad,move,,,,,,,1317.0,828.0,0.0,-3.0,3.0,469.55,-90.0,,,,,,0,0
1777264263.674141,1777264257,touchpad,move,,,,,,,1317.0,826.0,0.0,-2.0,2.0,250.74,-90.0,,,,,,0,0
1777264263.680125,1777264257,touchpad,move,,,,,,,1318.0,820.0,1.0,-6.0,6.08,1016.41,-80.5,,,,,,0,0
1777264263.687854,1777264257,touchpad,move,,,,,,,1321.0,812.0,3.0,-8.0,8.54,1308.8,-69.4,,,,,,0,0
1777264263.694842,1777264257,touchpad,move,,,,,,,1323.0,806.0,2.0,-6.0,6.32,772.39,-71.6,,,,,,0,0
1777264263.701428,1777264257,touchpad,move,,,,,,,1325.0,798.0,2.0,-8.0,8.25,1252.02,-76.0,,,,,,0,0
1777264263.708071,1777264257,touchpad,move,,,,,,,1331.0,782.0,6.0,-16.0,17.09,2572.59,-69.4,,,,,,0,0
1777264263.714781,1777264257,touchpad,move,,,,,,,1337.0,765.0,6.0,-17.0,18.03,2686.68,-70.6,,,,,,0,0
1777264263.721775,1777264257,touchpad,move,,,,,,,1344.0,750.0,7.0,-15.0,16.55,2366.49,-65.0,,,,,,0,0
1777264263.727788,1777264257,touchpad,move,,,,,,,1347.0,742.0,3.0,-8.0,8.54,1421.05,-69.4,,,,,,0,0
1777264263.735357,1777264257,touchpad,move,,,,,,,1351.0,736.0,4.0,-6.0,7.21,952.68,-56.3,,,,,,0,0
1777264263.742433,1777264257,touchpad,move,,,,,,,1355.0,729.0,4.0,-7.0,8.06,1139.42,-60.3,,,,,,0,0
1777264263.749476,1777264257,touchpad,move,,,,,,,1357.0,724.0,2.0,-5.0,5.39,764.55,-68.2,,,,,,0,0
1777264263.756438,1777264257,touchpad,move,,,,,,,1359.0,720.0,2.0,-4.0,4.47,642.4,-63.4,,,,,,0,0
1777264263.763978,1777264257,touchpad,move,,,,,,,1361.0,718.0,2.0,-2.0,2.83,469.87,-45.0,,,,,,0,0
1777264263.770601,1777264257,touchpad,move,,,,,,,1361.0,717.0,0.0,-1.0,1.0,122.81,-90.0,,,,,,0,0
1777264263.776601,1777264257,touchpad,move,,,,,,,1362.0,716.0,1.0,-1.0,1.41,235.7,-45.0,,,,,,0,0
1777264263.784574,1777264257,touchpad,move,,,,,,,1363.0,716.0,1.0,0.0,1.0,125.42,0.0,,,,,,0,0
1777264263.790807,1777264257,touchpad,move,,,,,,,1363.0,715.0,0.0,-1.0,1.0,160.44,-90.0,,,,,,0,0
1777264263.797971,1777264257,touchpad,move,,,,,,,1363.0,714.0,0.0,-1.0,1.0,139.57,-90.0,,,,,,0,0
1777264263.812193,1777264257,touchpad,move,,,,,,,1364.0,714.0,1.0,0.0,1.0,70.32,0.0,,,,,,0,0
1777264263.824705,1777264257,touchpad,move,,,,,,,1364.0,714.0,0.0,0.0,0.0,0.0,0.0,,,,,,0,0
1777264263.83934,1777264257,touchpad,move,,,,,,,1365.0,714.0,1.0,0.0,1.0,68.33,0.0,,,,,,0,0
1777264263.860868,1777264257,touchpad,move,,,,,,,1365.0,714.0,0.0,0.0,0.0,0.0,0.0,,,,,,0,0
1777264263.901941,1777264257,touchpad,move,,,,,,,1365.0,714.0,0.0,0.0,0.0,0.0,0.0,,,,,,0,0
1777264263.908494,1777264257,touchpad,move,,,,,,,1365.0,714.0,0.0,0.0,0.0,0.0,0.0,,,,,,0,0
1777264263.91554,1777264257,touchpad,move,,,,,,,1362.0,714.0,-3.0,0.0,3.0,425.76,180.0,,,,,,0,0
1777264263.922574,1777264257,touchpad,move,,,,,,,1352.0,715.0,-10.0,1.0,10.05,1428.74,174.3,,,,,,0,0
1777264263.929086,1777264257,touchpad,move,,,,,,,1306.0,719.0,-46.0,4.0,46.17,7091.14,175.0,,,,,,0,0
1777264263.936141,1777264257,touchpad,move,,,,,,,1262.0,721.0,-44.0,2.0,44.05,6242.69,177.4,,,,,,0,0
1777264263.943117,1777264257,touchpad,move,,,,,,,1229.0,723.0,-33.0,2.0,33.06,4739.1,176.5,,,,,,0,0
1777264263.950663,1777264257,touchpad,move,,,,,,,1204.0,723.0,-25.0,0.0,25.0,3835.18,180.0,,,,,,0,0
1777264263.957677,1777264257,touchpad,move,,,,,,,1179.0,724.0,-25.0,1.0,25.02,3111.59,177.7,,,,,,0,0
1777264263.963675,1777264257,touchpad,move,,,,,,,1162.0,726.0,-17.0,2.0,17.12,2853.53,173.3,,,,,,0,0
1777264263.971295,1777264257,touchpad,move,,,,,,,1151.0,728.0,-11.0,2.0,11.18,1467.4,169.7,,,,,,0,0
1777264263.978348,1777264257,touchpad,move,,,,,,,1140.0,731.0,-11.0,3.0,11.4,1616.44,164.7,,,,,,0,0
1777264263.984353,1777264257,touchpad,move,,,,,,,1130.0,736.0,-10.0,5.0,11.18,1862.05,153.4,,,,,,0,0
1777264264.270625,1777264257,touchpad,move,,,,,,,1110.0,738.0,-20.0,2.0,20.1,70.21,174.3,,,,,,0,0
1777264264.277185,1777264257,touchpad,move,,,,,,,1096.0,738.0,-14.0,0.0,14.0,2134.12,180.0,,,,,,0,0
1777264264.285032,1777264257,touchpad,move,,,,,,,1078.0,738.0,-18.0,0.0,18.0,2293.85,180.0,,,,,,0,0
1777264264.290984,1777264257,touchpad,move,,,,,,,1065.0,735.0,-13.0,-3.0,13.34,2241.41,-167.0,,,,,,0,0
1777264264.29823,1777264257,touchpad,move,,,,,,,1054.0,732.0,-11.0,-3.0,11.4,1573.68,-164.7,,,,,,0,0
1777264264.304752,1777264257,touchpad,move,,,,,,,1038.0,727.0,-16.0,-5.0,16.76,2570.26,-162.6,,,,,,0,0
1777264264.311796,1777264257,touchpad,move,,,,,,,1021.0,721.0,-17.0,-6.0,18.03,2559.28,-160.6,,,,,,0,0
1777264264.320025,1777264257,touchpad,move,,,,,,,1003.0,714.0,-18.0,-7.0,19.31,2675.57,-158.7,,,,,,0,0
1777264264.32579,1777264257,touchpad,move,,,,,,,989.0,708.0,-14.0,-6.0,15.23,2247.99,-156.8,,,,,,0,0
1777264264.332933,1777264257,touchpad,move,,,,,,,976.0,701.0,-13.0,-7.0,14.76,2066.89,-151.7,,,,,,0,0
1777264264.340383,1777264257,touchpad,move,,,,,,,965.0,695.0,-11.0,-6.0,12.53,2121.87,-151.4,,,,,,0,0
1777264264.346404,1777264257,touchpad,move,,,,,,,953.0,687.0,-12.0,-8.0,14.42,1906.37,-146.3,,,,,,0,0
1777264264.353428,1777264257,touchpad,move,,,,,,,945.0,681.0,-8.0,-6.0,10.0,1423.68,-143.1,,,,,,0,0
1777264264.361359,1777264257,touchpad,move,,,,,,,934.0,674.0,-11.0,-7.0,13.04,1643.88,-147.5,,,,,,0,0
1777264264.367766,1777264257,touchpad,move,,,,,,,928.0,671.0,-6.0,-3.0,6.71,1046.97,-153.4,,,,,,0,0
1777264264.373777,1777264257,touchpad,move,,,,,,,925.0,669.0,-3.0,-2.0,3.61,599.85,-146.3,,,,,,0,0
1777264264.380785,1777264257,touchpad,move,,,,,,,924.0,668.0,-1.0,-1.0,1.41,201.81,-135.0,,,,,,0,0
1777264264.388317,1777264257,touchpad,move,,,,,,,923.0,668.0,-1.0,0.0,1.0,132.77,180.0,,,,,,0,0
1777264264.394849,1777264257,touchpad,move,,,,,,,923.0,668.0,0.0,0.0,0.0,0.0,0.0,,,,,,0,0
1777264264.401588,1777264257,touchpad,move,,,,,,,923.0,668.0,0.0,0.0,0.0,0.0,0.0,,,,,,0,0
1777264264.415802,1777264257,touchpad,move,,,,,,,922.0,666.0,-1.0,-2.0,2.24,157.32,-116.6,,,,,,0,0
1777264264.422864,1777264257,touchpad,move,,,,,,,902.0,623.0,-20.0,-43.0,47.42,6715.14,-114.9,,,,,,0,0
1777264264.430101,1777264257,touchpad,move,,,,,,,861.0,535.0,-41.0,-88.0,97.08,13415.26,-115.0,,,,,,0,0
1777264264.436092,1777264257,touchpad,move,,,,,,,812.0,416.0,-49.0,-119.0,128.69,21478.63,-112.4,,,,,,0,0
1777264264.443092,1777264257,touchpad,move,,,,,,,783.0,337.0,-29.0,-79.0,84.15,12022.55,-110.2,,,,,,0,0
1777264264.450185,1777264257,touchpad,move,,,,,,,765.0,285.0,-18.0,-52.0,55.03,7757.76,-109.1,,,,,,0,0
1777264264.458254,1777264257,touchpad,move,,,,,,,762.0,267.0,-3.0,-18.0,18.25,2599.21,-99.5,,,,,,0,0
1777264264.464195,1777264257,touchpad,move,,,,,,,758.0,241.0,-4.0,-26.0,26.31,3763.9,-98.7,,,,,,0,0
1777264264.470776,1777264257,touchpad,move,,,,,,,756.0,231.0,-2.0,-10.0,10.2,1549.71,-101.3,,,,,,0,0
1777264264.477791,1777264257,touchpad,move,,,,,,,756.0,223.0,0.0,-8.0,8.0,1140.3,-90.0,,,,,,0,0
1777264264.484785,1777264257,touchpad,move,,,,,,,756.0,220.0,0.0,-3.0,3.0,428.95,-90.0,,,,,,0,0
1777264264.540529,1777264257,touchpad,move,,,,,,,756.0,220.0,0.0,0.0,0.0,0.0,0.0,,,,,,0,0
1777264264.547844,1777264257,touchpad,move,,,,,,,756.0,220.0,0.0,0.0,0.0,0.0,0.0,,,,,,0,0
1777264264.554584,1777264257,touchpad,move,,,,,,,756.0,220.0,0.0,0.0,0.0,0.0,0.0,,,,,,0,0
1777264264.568504,1777264257,touchpad,move,,,,,,,756.0,220.0,0.0,0.0,0.0,0.0,0.0,,,,,,0,0
1777264264.581672,1777264257,touchpad,move,,,,,,,757.0,220.0,1.0,0.0,1.0,75.94,0.0,,,,,,0,0
1777264264.588378,1777264257,touchpad,move,,,,,,,758.0,221.0,1.0,1.0,1.41,210.87,45.0,,,,,,0,0
1777264264.602568,1777264257,touchpad,move,,,,,,,758.0,221.0,0.0,0.0,0.0,0.0,0.0,,,,,,0,0
1777264264.609757,1777264257,touchpad,move,,,,,,,758.0,221.0,0.0,0.0,0.0,0.0,0.0,,,,,,0,0
1777264264.637621,1777264257,touchpad,move,,,,,,,759.0,221.0,1.0,0.0,1.0,35.89,0.0,,,,,,0,0
1777264264.65118,1777264257,touchpad,move,,,,,,,759.0,221.0,0.0,0.0,0.0,0.0,0.0,,,,,,0,0
1777264264.67179,1777264257,touchpad,move,,,,,,,760.0,222.0,1.0,1.0,1.41,68.62,45.0,,,,,,0,0
1777264264.693035,1777264257,touchpad,move,,,,,,,760.0,223.0,0.0,1.0,1.0,47.07,90.0,,,,,,0,0
1777264264.727515,1777264257,touchpad,move,,,,,,,760.0,223.0,0.0,0.0,0.0,0.0,0.0,,,,,,0,0
1777264264.741113,1777264257,touchpad,move,,,,,,,760.0,224.0,0.0,1.0,1.0,73.54,90.0,,,,,,0,0
1777264264.769114,1777264257,touchpad,move,,,,,,,760.0,224.0,0.0,0.0,0.0,0.0,0.0,,,,,,0,0
1777264264.782591,1777264257,touchpad,move,,,,,,,761.0,225.0,1.0,1.0,1.41,104.93,45.0,,,,,,0,0
1777264265.022942,1777264257,touchpad,move,,,,,,,726.0,219.0,-35.0,-6.0,35.51,147.75,-170.3,,,,,,0,0
1777264265.029589,1777264257,touchpad,move,,,,,,,673.0,212.0,-53.0,-7.0,53.46,8042.63,-172.5,,,,,,0,0
1777264265.036617,1777264257,touchpad,move,,,,,,,621.0,206.0,-52.0,-6.0,52.35,7448.21,-173.4,,,,,,0,0
1777264265.043639,1777264257,touchpad,move,,,,,,,561.0,202.0,-60.0,-4.0,60.13,8563.37,-176.2,,,,,,0,0
1777264265.049921,1777264257,touchpad,move,,,,,,,517.0,200.0,-44.0,-2.0,44.05,7010.74,-177.4,,,,,,0,0
1777264265.056957,1777264257,touchpad,move,,,,,,,441.0,201.0,-76.0,1.0,76.01,10803.3,179.2,,,,,,0,0
1777264265.064512,1777264257,touchpad,move,,,,,,,371.0,201.0,-70.0,0.0,70.0,9265.67,180.0,,,,,,0,0
1777264265.071545,1777264257,touchpad,move,,,,,,,265.0,208.0,-106.0,7.0,106.23,15103.37,176.2,,,,,,0,0
1777264265.078545,1777264257,touchpad,move,,,,,,,188.0,219.0,-77.0,11.0,77.78,11111.35,171.9,,,,,,0,0
1777264265.085074,1777264257,touchpad,move,,,,,,,87.0,232.0,-101.0,13.0,101.83,15597.41,172.7,,,,,,0,0
1777264265.092426,1777264257,touchpad,move,,,,,,,23.0,244.0,-64.0,12.0,65.12,8856.96,169.4,,,,,,0,0
1777264265.098996,1777264257,touchpad,move,,,,,,,-37.0,261.0,-60.0,17.0,62.36,9491.42,164.2,,,,,,0,0
1777264265.105573,1777264257,touchpad,move,,,,,,,-49.0,279.0,-12.0,18.0,21.63,3289.23,123.7,,,,,,0,0
1777264265.112953,1777264257,touchpad,move,,,,,,,-36.0,295.0,13.0,16.0,20.62,2793.61,50.9,,,,,,0,0
1777264265.119951,1777264257,touchpad,move,,,,,,,-20.0,308.0,16.0,13.0,20.62,2945.99,39.1,,,,,,0,0
1777264265.126698,1777264257,touchpad,move,,,,,,,-11.0,318.0,9.0,10.0,13.45,1994.08,48.0,,,,,,0,0
1777264265.133777,1777264257,touchpad,move,,,,,,,-6.0,324.0,5.0,6.0,7.81,1103.17,50.2,,,,,,0,0
1777264265.14066,1777264257,touchpad,move,,,,,,,-5.0,332.0,1.0,8.0,8.06,1171.47,82.9,,,,,,0,0
1777264265.147251,1777264257,touchpad,move,,,,,,,-2.0,337.0,3.0,5.0,5.83,884.58,59.0,,,,,,0,0
1777264265.154262,1777264257,touchpad,move,,,,,,,-1.0,343.0,1.0,6.0,6.08,867.64,80.5,,,,,,0,0
1777264265.162877,1777264257,touchpad,move,,,,,,,0.0,352.0,1.0,9.0,9.06,1051.17,83.7,,,,,,0,0
1777264265.16836,1777264257,touchpad,move,,,,,,,0.0,359.0,0.0,7.0,7.0,1276.53,90.0,,,,,,0,0
1777264265.175897,1777264257,touchpad,move,,,,,,,0.0,362.0,0.0,3.0,3.0,463.25,90.0,,,,,,0,0
1777264265.181732,1777264257,touchpad,move,,,,,,,0.0,365.0,0.0,3.0,3.0,435.06,90.0,,,,,,0,0
1777264265.189329,1777264257,touchpad,move,,,,,,,1.0,369.0,1.0,4.0,4.12,542.71,76.0,,,,,,0,0
1777264265.195839,1777264257,touchpad,move,,,,,,,3.0,372.0,2.0,3.0,3.61,553.85,56.3,,,,,,0,0
1777264265.203034,1777264257,touchpad,move,,,,,,,4.0,374.0,1.0,2.0,2.24,310.79,63.4,,,,,,0,0
1777264265.210934,1777264257,touchpad,move,,,,,,,5.0,375.0,1.0,1.0,1.41,179.0,45.0,,,,,,0,0
1777264265.216322,1777264257,touchpad,move,,,,,,,7.0,376.0,2.0,1.0,2.24,415.04,26.6,,,,,,0,0
1777264265.223784,1777264257,touchpad,move,,,,,,,9.0,376.0,2.0,0.0,2.0,268.0,0.0,,,,,,0,0
1777264265.230375,1777264257,touchpad,move,,,,,,,12.0,376.0,3.0,0.0,3.0,455.19,0.0,,,,,,0,0
1777264265.237378,1777264257,touchpad,move,,,,,,,17.0,376.0,5.0,0.0,5.0,714.0,0.0,,,,,,0,0
1777264265.243542,1777264257,touchpad,move,,,,,,,31.0,371.0,14.0,-5.0,14.87,2411.73,-19.7,,,,,,0,0
1777264265.252132,1777264257,touchpad,move,,,,,,,47.0,360.0,16.0,-11.0,19.42,2260.43,-34.5,,,,,,0,0
1777264265.259017,1777264257,touchpad,move,,,,,,,88.0,331.0,41.0,-29.0,50.22,8618.84,-35.3,,,,,,0,0
1777264265.265024,1777264257,touchpad,move,,,,,,,114.0,309.0,26.0,-22.0,34.06,4820.57,-40.2,,,,,,0,0
1777264265.272609,1777264257,touchpad,move,,,,,,,149.0,272.0,35.0,-37.0,50.93,6714.49,-46.6,,,,,,0,0
1777264265.278578,1777264257,touchpad,move,,,,,,,182.0,231.0,33.0,-41.0,52.63,8816.93,-51.2,,,,,,0,0
1777264265.285578,1777264257,touchpad,move,,,,,,,211.0,192.0,29.0,-39.0,48.6,6942.95,-53.4,,,,,,0,0
1777264265.293441,1777264257,touchpad,move,,,,,,,253.0,138.0,42.0,-54.0,68.41,8700.52,-52.1,,,,,,0,0
1777264265.30061,1777264257,touchpad,move,,,,,,,303.0,72.0,50.0,-66.0,82.8,11549.47,-52.9,,,,,,0,0
1777264265.306611,1777264257,touchpad,move,,,,,,,350.0,17.0,47.0,-55.0,72.35,12055.73,-49.5,,,,,,0,0
1777264265.313842,1777264257,touchpad,move,,,,,,,387.0,-22.0,37.0,-39.0,53.76,7434.97,-46.5,,,,,,0,0
1777264265.320859,1777264257,touchpad,move,,,,,,,435.0,-48.0,48.0,-26.0,54.59,7778.91,-28.4,,,,,,0,0
1777264265.327973,1777264257,touchpad,move,,,,,,,478.0,-47.0,43.0,1.0,43.01,6046.72,1.3,,,,,,0,0
1777264265.334511,1777264257,touchpad,move,,,,,,,508.0,-36.0,30.0,11.0,31.95,4887.0,20.1,,,,,,0,0
1777264265.341536,1777264257,touchpad,move,,,,,,,529.0,-25.0,21.0,11.0,23.71,3374.59,27.6,,,,,,0,0
1777264265.348054,1777264257,touchpad,move,,,,,,,537.0,-8.0,8.0,17.0,18.79,2882.36,64.8,,,,,,0,0
1777264265.354483,1777264257,touchpad,move,,,,,,,540.0,-2.0,3.0,6.0,6.71,1043.47,63.4,,,,,,0,0
1777264265.36251,1777264257,touchpad,move,,,,,,,540.0,0.0,0.0,2.0,2.0,249.17,90.0,,,,,,0,0
1777264265.368533,1777264257,touchpad,move,,,,,,,540.0,0.0,0.0,0.0,0.0,0.0,0.0,,,,,,0,0
1777264265.375934,1777264257,touchpad,move,,,,,,,539.0,6.0,-1.0,6.0,6.08,821.83,99.5,,,,,,0,0
1777264265.383737,1777264257,touchpad,move,,,,,,,532.0,17.0,-7.0,11.0,13.04,1671.06,122.5,,,,,,0,0
1777264265.389715,1777264257,touchpad,move,,,,,,,511.0,52.0,-21.0,35.0,40.82,6827.69,121.0,,,,,,0,0
1777264265.396817,1777264257,touchpad,move,,,,,,,467.0,111.0,-44.0,59.0,73.6,10362.6,126.7,,,,,,0,0
1777264265.403314,1777264257,touchpad,move,,,,,,,410.0,175.0,-57.0,64.0,85.7,13191.84,131.7,,,,,,0,0
1777264265.410359,1777264257,touchpad,move,,,,,,,359.0,230.0,-51.0,55.0,75.01,10646.03,132.8,,,,,,0,0
1777264265.417861,1777264257,touchpad,move,,,,,,,286.0,307.0,-73.0,77.0,106.1,14143.69,133.5,,,,,,0,0
1777264265.423918,1777264257,touchpad,move,,,,,,,229.0,373.0,-57.0,66.0,87.21,14398.17,130.8,,,,,,0,0
1777264265.430614,1777264257,touchpad,move,,,,,,,187.0,430.0,-42.0,57.0,70.8,10574.26,126.4,,,,,,0,0
1777264265.438143,1777264257,touchpad,move,,,,,,,152.0,476.0,-35.0,46.0,57.8,7677.39,127.3,,,,,,0,0
1777264265.446155,1777264257,touchpad,move,,,,,,,130.0,516.0,-22.0,40.0,45.65,5697.43,118.8,,,,,,0,0
1777264265.451671,1777264257,touchpad,move,,,,,,,113.0,541.0,-17.0,25.0,30.23,5480.81,124.2,,,,,,0,0
1777264265.45923,1777264257,touchpad,move,,,,,,,101.0,565.0,-12.0,24.0,26.83,3549.98,116.6,,,,,,0,0
1777264265.465252,1777264257,touchpad,move,,,,,,,95.0,576.0,-6.0,11.0,12.53,2080.54,118.6,,,,,,0,0
1777264265.472594,1777264257,touchpad,move,,,,,,,94.0,578.0,-1.0,2.0,2.24,304.58,116.6,,,,,,0,0
1777264265.480202,1777264257,touchpad,move,,,,,,,93.0,579.0,-1.0,1.0,1.41,185.87,135.0,,,,,,0,0
1777264265.487225,1777264257,touchpad,move,,,,,,,93.0,579.0,0.0,0.0,0.0,0.0,0.0,,,,,,0,0
1777264265.49373,1777264257,touchpad,move,,,,,,,94.0,578.0,1.0,-1.0,1.41,217.39,-45.0,,,,,,0,0
1777264265.500274,1777264257,touchpad,move,,,,,,,95.0,576.0,1.0,-2.0,2.24,341.7,-63.4,,,,,,0,0
1777264265.50732,1777264257,touchpad,move,,,,,,,98.0,574.0,3.0,-2.0,3.61,511.75,-33.7,,,,,,0,0
1777264265.513931,1777264257,touchpad,move,,,,,,,112.0,558.0,14.0,-16.0,21.26,3215.73,-48.8,,,,,,0,0
1777264265.520718,1777264257,touchpad,move,,,,,,,140.0,524.0,28.0,-34.0,44.05,6489.39,-50.5,,,,,,0,0
1777264265.528792,1777264257,touchpad,move,,,,,,,168.0,491.0,28.0,-33.0,43.28,5360.63,-49.7,,,,,,0,0
1777264265.53583,1777264257,touchpad,move,,,,,,,216.0,426.0,48.0,-65.0,80.8,11479.49,-53.6,,,,,,0,0
1777264265.542099,1777264257,touchpad,move,,,,,,,255.0,371.0,39.0,-55.0,67.42,10755.19,-54.7,,,,,,0,0
1777264265.549131,1777264257,touchpad,move,,,,,,,281.0,338.0,26.0,-33.0,42.01,5974.86,-51.8,,,,,,0,0
1777264265.555131,1777264257,touchpad,move,,,,,,,318.0,287.0,37.0,-51.0,63.01,10500.41,-54.0,,,,,,0,0
1777264265.562308,1777264257,touchpad,move,,,,,,,355.0,250.0,37.0,-37.0,52.33,7290.9,-45.0,,,,,,0,0
1777264265.569309,1777264257,touchpad,move,,,,,,,376.0,231.0,21.0,-19.0,28.32,4045.12,-42.1,,,,,,0,0
1777264265.577094,1777264257,touchpad,move,,,,,,,390.0,221.0,14.0,-10.0,17.2,2209.95,-35.5,,,,,,0,0
1777264265.584667,1777264257,touchpad,move,,,,,,,405.0,214.0,15.0,-7.0,16.55,2185.75,-25.0,,,,,,0,0
1777264265.590289,1777264257,touchpad,move,,,,,,,412.0,211.0,7.0,-3.0,7.62,1354.77,-23.2,,,,,,0,0
1777264265.597814,1777264257,touchpad,move,,,,,,,415.0,211.0,3.0,0.0,3.0,398.67,0.0,,,,,,0,0
1777264265.604359,1777264257,touchpad,move,,,,,,,416.0,212.0,1.0,1.0,1.41,216.07,45.0,,,,,,0,0
1777264265.610801,1777264257,touchpad,move,,,,,,,416.0,213.0,0.0,1.0,1.0,155.24,90.0,,,,,,0,0
1777264265.617822,1777264257,touchpad,move,,,,,,,416.0,216.0,0.0,3.0,3.0,427.29,90.0,,,,,,0,0
1777264265.625121,1777264257,touchpad,move,,,,,,,415.0,227.0,-1.0,11.0,11.05,1513.13,95.2,,,,,,0,0
1777264265.632124,1777264257,touchpad,move,,,,,,,403.0,259.0,-12.0,32.0,34.18,4880.65,110.6,,,,,,0,0
1777264265.638458,1777264257,touchpad,move,,,,,,,379.0,306.0,-24.0,47.0,52.77,8331.32,117.1,,,,,,0,0
1777264265.646317,1777264257,touchpad,move,,,,,,,354.0,346.0,-25.0,40.0,47.17,6001.67,122.0,,,,,,0,0
1777264265.653159,1777264257,touchpad,move,,,,,,,318.0,408.0,-36.0,62.0,71.69,10479.37,120.1,,,,,,0,0
1777264265.659138,1777264257,touchpad,move,,,,,,,292.0,456.0,-26.0,48.0,54.59,9129.73,118.4,,,,,,0,0
1777264265.66667,1777264257,touchpad,move,,,,,,,276.0,490.0,-16.0,34.0,37.58,4989.16,115.2,,,,,,0,0
1777264265.673711,1777264257,touchpad,move,,,,,,,265.0,518.0,-11.0,28.0,30.08,4272.45,111.4,,,,,,0,0
1777264265.68068,1777264257,touchpad,move,,,,,,,256.0,541.0,-9.0,23.0,24.7,3544.14,111.4,,,,,,0,0
1777264265.687202,1777264257,touchpad,move,,,,,,,250.0,552.0,-6.0,11.0,12.53,1920.99,118.6,,,,,,0,0
1777264265.6942,1777264257,touchpad,move,,,,,,,247.0,562.0,-3.0,10.0,10.44,1491.94,106.7,,,,,,0,0
1777264265.700724,1777264257,touchpad,move,,,,,,,245.0,569.0,-2.0,7.0,7.28,1116.0,105.9,,,,,,0,0
1777264265.707305,1777264257,touchpad,move,,,,,,,244.0,570.0,-1.0,1.0,1.41,214.87,135.0,,,,,,0,0
1777264265.721729,1777264257,touchpad,move,,,,,,,245.0,570.0,1.0,0.0,1.0,69.33,0.0,,,,,,0,0
1777264265.729638,1777264257,touchpad,move,,,,,,,245.0,568.0,0.0,-2.0,2.0,252.88,-90.0,,,,,,0,0
1777264265.73601,1777264257,touchpad,move,,,,,,,248.0,565.0,3.0,-3.0,4.24,665.8,-45.0,,,,,,0,0
1777264265.742275,1777264257,touchpad,move,,,,,,,253.0,560.0,5.0,-5.0,7.07,1128.72,-45.0,,,,,,0,0
1777264265.749855,1777264257,touchpad,move,,,,,,,277.0,532.0,24.0,-28.0,36.88,4865.17,-49.4,,,,,,0,0
1777264265.75596,1777264257,touchpad,move,,,,,,,317.0,490.0,40.0,-42.0,58.0,9500.12,-46.4,,,,,,0,0
1777264265.763985,1777264257,touchpad,move,,,,,,,363.0,445.0,46.0,-45.0,64.35,8018.36,-44.4,,,,,,0,0
1777264265.770213,1777264257,touchpad,move,,,,,,,411.0,390.0,48.0,-55.0,73.0,11721.76,-48.9,,,,,,0,0
1777264265.778236,1777264257,touchpad,move,,,,,,,468.0,324.0,57.0,-66.0,87.21,10869.87,-49.2,,,,,,0,0
1777264265.784219,1777264257,touchpad,move,,,,,,,505.0,287.0,37.0,-37.0,52.33,8745.6,-45.0,,,,,,0,0
1777264265.791091,1777264257,touchpad,move,,,,,,,545.0,247.0,40.0,-40.0,56.57,8231.53,-45.0,,,,,,0,0
1777264265.797631,1777264257,touchpad,move,,,,,,,582.0,213.0,37.0,-34.0,50.25,7684.16,-42.6,,,,,,0,0
1777264265.805138,1777264257,touchpad,move,,,,,,,610.0,190.0,28.0,-23.0,36.24,4826.67,-39.4,,,,,,0,0
1777264265.812456,1777264257,touchpad,move,,,,,,,635.0,172.0,25.0,-18.0,30.81,4209.72,-35.8,,,,,,0,0
1777264265.819008,1777264257,touchpad,move,,,,,,,659.0,153.0,24.0,-19.0,30.61,4671.6,-38.4,,,,,,0,0
1777264265.826123,1777264257,touchpad,move,,,,,,,676.0,142.0,17.0,-11.0,20.25,2846.12,-32.9,,,,,,0,0
1777264265.83273,1777264257,touchpad,move,,,,,,,684.0,138.0,8.0,-4.0,8.94,1353.6,-26.6,,,,,,0,0
1777264265.839315,1777264257,touchpad,move,,,,,,,691.0,136.0,7.0,-2.0,7.28,1105.58,-15.9,,,,,,0,0
1777264265.846363,1777264257,touchpad,move,,,,,,,697.0,134.0,6.0,-2.0,6.32,897.34,-18.4,,,,,,0,0
1777264265.852952,1777264257,touchpad,move,,,,,,,699.0,134.0,2.0,0.0,2.0,303.53,0.0,,,,,,0,0
1777264265.867811,1777264257,touchpad,move,,,,,,,699.0,135.0,0.0,1.0,1.0,67.3,90.0,,,,,,0,0
1777264265.881475,1777264257,touchpad,move,,,,,,,699.0,135.0,0.0,0.0,0.0,0.0,0.0,,,,,,0,0
1777264265.888548,1777264257,touchpad,move,,,,,,,699.0,136.0,0.0,1.0,1.0,141.38,90.0,,,,,,0,0
1777264265.895571,1777264257,touchpad,move,,,,,,,698.0,138.0,-1.0,2.0,2.24,318.42,116.6,,,,,,0,0
1777264265.901471,1777264257,touchpad,move,,,,,,,695.0,144.0,-3.0,6.0,6.71,1136.96,116.6,,,,,,0,0
1777264265.909516,1777264257,touchpad,move,,,,,,,676.0,175.0,-19.0,31.0,36.36,5149.66,121.5,,,,,,0,0
1777264265.916172,1777264257,touchpad,move,,,,,,,656.0,210.0,-20.0,35.0,40.31,5275.93,119.7,,,,,,0,0
1777264265.922527,1777264257,touchpad,move,,,,,,,635.0,254.0,-21.0,44.0,48.75,7671.2,115.5,,,,,,0,0
1777264265.929229,1777264257,touchpad,move,,,,,,,618.0,288.0,-17.0,34.0,38.01,5672.36,116.6,,,,,,0,0
1777264265.936559,1777264257,touchpad,move,,,,,,,612.0,303.0,-6.0,15.0,16.16,2203.83,111.8,,,,,,0,0
1777264265.943602,1777264257,touchpad,move,,,,,,,603.0,328.0,-9.0,25.0,26.57,3772.95,109.8,,,,,,0,0
1777264265.950715,1777264257,touchpad,move,,,,,,,594.0,351.0,-9.0,23.0,24.7,3472.27,111.4,,,,,,0,0
1777264265.957645,1777264257,touchpad,move,,,,,,,588.0,373.0,-6.0,22.0,22.8,3290.5,105.3,,,,,,0,0
1777264265.964658,1777264257,touchpad,move,,,,,,,585.0,384.0,-3.0,11.0,11.4,1625.73,105.3,,,,,,0,0
1777264265.970654,1777264257,touchpad,move,,,,,,,581.0,396.0,-4.0,12.0,12.65,2109.6,108.4,,,,,,0,0
1777264265.978242,1777264257,touchpad,move,,,,,,,580.0,404.0,-1.0,8.0,8.06,1062.58,97.1,,,,,,0,0
1777264265.984307,1777264257,touchpad,move,,,,,,,580.0,405.0,0.0,1.0,1.0,164.88,90.0,,,,,,0,0
1777264265.992376,1777264257,touchpad,move,,,,,,,580.0,407.0,0.0,2.0,2.0,284.74,90.0,,,,,,0,0
1777264265.998668,1777264257,touchpad,move,,,,,,,580.0,407.0,0.0,0.0,0.0,0.0,0.0,,,,,,0,0
1777264266.00568,1777264257,touchpad,move,,,,,,,580.0,408.0,0.0,1.0,1.0,142.61,90.0,,,,,,0,0
1777264266.013696,1777264257,touchpad,move,,,,,,,580.0,408.0,0.0,0.0,0.0,0.0,0.0,,,,,,0,0
1777264266.040315,1777264257,touchpad,move,,,,,,,580.0,408.0,0.0,0.0,0.0,0.0,0.0,,,,,,0,0
1777264266.054344,1777264257,touchpad,move,,,,,,,580.0,408.0,0.0,0.0,0.0,0.0,0.0,,,,,,0,0
1777264266.061888,1777264257,touchpad,move,,,,,,,581.0,408.0,1.0,0.0,1.0,132.54,0.0,,,,,,0,0
1777264266.067949,1777264257,touchpad,move,,,,,,,586.0,406.0,5.0,-2.0,5.39,888.52,-21.8,,,,,,0,0
1777264266.074944,1777264257,touchpad,move,,,,,,,594.0,402.0,8.0,-4.0,8.94,1278.8,-26.6,,,,,,0,0
1777264266.081547,1777264257,touchpad,move,,,,,,,612.0,394.0,18.0,-8.0,19.7,2982.71,-24.0,,,,,,0,0
1777264266.089188,1777264257,touchpad,move,,,,,,,637.0,383.0,25.0,-11.0,27.31,3574.72,-23.7,,,,,,0,0
1777264266.0958,1777264257,touchpad,move,,,,,,,666.0,372.0,29.0,-11.0,31.02,4690.67,-20.8,,,,,,0,0
1777264266.1033,1777264257,touchpad,move,,,,,,,691.0,360.0,25.0,-12.0,27.73,3697.6,-25.6,,,,,,0,0
1777264266.110314,1777264257,touchpad,move,,,,,,,720.0,347.0,29.0,-13.0,31.78,4531.14,-24.1,,,,,,0,0
1777264266.116345,1777264257,touchpad,move,,,,,,,735.0,341.0,15.0,-6.0,16.16,2678.73,-21.8,,,,,,0,0
1777264266.12307,1777264257,touchpad,move,,,,,,,746.0,335.0,11.0,-6.0,12.53,1863.17,-28.6,,,,,,0,0
1777264266.129794,1777264257,touchpad,move,,,,,,,757.0,330.0,11.0,-5.0,12.08,1796.91,-24.4,,,,,,0,0
1777264266.137168,1777264257,touchpad,move,,,,,,,770.0,321.0,13.0,-9.0,15.81,2144.4,-34.7,,,,,,0,0
1777264266.143795,1777264257,touchpad,move,,,,,,,780.0,315.0,10.0,-6.0,11.66,1759.8,-31.0,,,,,,0,0
1777264266.150824,1777264257,touchpad,move,,,,,,,790.0,308.0,10.0,-7.0,12.21,1736.59,-35.0,,,,,,0,0
1777264266.158006,1777264257,touchpad,move,,,,,,,797.0,303.0,7.0,-5.0,8.6,1197.62,-35.5,,,,,,0,0
1777264266.16441,1777264257,touchpad,move,,,,,,,803.0,300.0,6.0,-3.0,6.71,1047.51,-26.6,,,,,,0,0
1777264266.171834,1777264257,touchpad,move,,,,,,,809.0,297.0,6.0,-3.0,6.71,903.66,-26.6,,,,,,0,0
1777264266.178861,1777264257,touchpad,move,,,,,,,813.0,296.0,4.0,-1.0,4.12,586.7,-14.0,,,,,,0,0
1777264266.185187,1777264257,touchpad,move,,,,,,,816.0,295.0,3.0,-1.0,3.16,499.95,-18.4,,,,,,0,0
1777264266.193245,1777264257,touchpad,move,,,,,,,819.0,294.0,3.0,-1.0,3.16,392.41,-18.4,,,,,,0,0
1777264266.199615,1777264257,touchpad,move,,,,,,,821.0,293.0,2.0,-1.0,2.24,351.03,-26.6,,,,,,0,0
1777264266.206458,1777264257,touchpad,move,,,,,,,822.0,293.0,1.0,0.0,1.0,146.14,0.0,,,,,,0,0
1777264266.213615,1777264257,touchpad,move,,,,,,,823.0,293.0,1.0,0.0,1.0,139.72,0.0,,,,,,0,0
1777264266.220764,1777264257,touchpad,move,,,,,,,824.0,293.0,1.0,0.0,1.0,139.88,0.0,,,,,,0,0
1777264266.227791,1777264257,touchpad,move,,,,,,,824.0,293.0,0.0,0.0,0.0,0.0,0.0,,,,,,0,0
1777264266.233804,1777264257,touchpad,move,,,,,,,825.0,293.0,1.0,0.0,1.0,166.31,0.0,,,,,,0,0
1777264266.241016,1777264257,touchpad,move,,,,,,,826.0,293.0,1.0,0.0,1.0,138.65,0.0,,,,,,0,0
1777264266.248053,1777264257,touchpad,move,,,,,,,828.0,294.0,2.0,1.0,2.24,317.79,26.6,,,,,,0,0
1777264266.254572,1777264257,touchpad,move,,,,,,,829.0,294.0,1.0,0.0,1.0,153.38,0.0,,,,,,0,0
1777264266.261601,1777264257,touchpad,move,,,,,,,830.0,295.0,1.0,1.0,1.41,201.21,45.0,,,,,,0,0
1777264266.269201,1777264257,touchpad,move,,,,,,,832.0,295.0,2.0,0.0,2.0,302.93,0.0,,,,,,0,0
1777264266.275446,1777264257,touchpad,move,,,,,,,833.0,295.0,1.0,0.0,1.0,138.07,0.0,,,,,,0,0
1777264266.281998,1777264257,touchpad,move,,,,,,,834.0,297.0,1.0,2.0,2.24,341.27,63.4,,,,,,0,0
1777264266.289716,1777264257,touchpad,move,,,,,,,837.0,299.0,3.0,2.0,3.61,467.13,33.7,,,,,,0,0
1777264266.297312,1777264257,touchpad,move,,,,,,,838.0,300.0,1.0,1.0,1.41,186.19,45.0,,,,,,0,0
1777264266.303761,1777264257,touchpad,move,,,,,,,840.0,302.0,2.0,2.0,2.83,438.55,45.0,,,,,,0,0
1777264266.311425,1777264257,touchpad,move,,,,,,,842.0,304.0,2.0,2.0,2.83,369.08,45.0,,,,,,0,0
1777264266.317425,1777264257,touchpad,move,,,,,,,843.0,305.0,1.0,1.0,1.41,235.7,45.0,,,,,,0,0
1777264266.323402,1777264257,touchpad,move,,,,,,,845.0,306.0,2.0,1.0,2.24,374.12,26.6,,,,,,0,0
1777264266.330118,1777264257,touchpad,move,,,,,,,846.0,306.0,1.0,0.0,1.0,148.89,0.0,,,,,,0,0
1777264266.337939,1777264257,touchpad,move,,,,,,,846.0,308.0,0.0,2.0,2.0,255.73,90.0,,,,,,0,0
1777264266.344962,1777264257,touchpad,move,,,,,,,847.0,309.0,1.0,1.0,1.41,201.38,45.0,,,,,,0,0
1777264266.351518,1777264257,touchpad,move,,,,,,,849.0,311.0,2.0,2.0,2.83,431.39,45.0,,,,,,0,0
1777264266.358635,1777264257,touchpad,move,,,,,,,849.0,313.0,0.0,2.0,2.0,281.03,90.0,,,,,,0,0
1777264266.365634,1777264257,touchpad,move,,,,,,,849.0,320.0,0.0,7.0,7.0,1000.17,90.0,,,,,,0,0
1777264266.372215,1777264257,touchpad,move,,,,,,,849.0,333.0,0.0,13.0,13.0,1975.43,90.0,,,,,,0,0
1777264266.379294,1777264257,touchpad,move,,,,,,,847.0,350.0,-2.0,17.0,17.12,2417.99,96.7,,,,,,0,0
1777264266.3873,1777264257,touchpad,move,,,,,,,843.0,366.0,-4.0,16.0,16.49,2060.04,104.0,,,,,,0,0
1777264266.39388,1777264257,touchpad,move,,,,,,,837.0,381.0,-6.0,15.0,16.16,2455.29,111.8,,,,,,0,0
1777264266.400116,1777264257,touchpad,move,,,,,,,830.0,392.0,-7.0,11.0,13.04,2090.72,122.5,,,,,,0,0
1777264266.407086,1777264257,touchpad,move,,,,,,,826.0,398.0,-4.0,6.0,7.21,1034.6,123.7,,,,,,0,0
1777264266.413699,1777264257,touchpad,move,,,,,,,818.0,408.0,-8.0,10.0,12.81,1936.45,128.7,,,,,,0,0
1777264266.421162,1777264257,touchpad,move,,,,,,,811.0,416.0,-7.0,8.0,10.63,1424.43,131.2,,,,,,0,0
1777264266.427927,1777264257,touchpad,move,,,,,,,803.0,423.0,-8.0,7.0,10.63,1571.2,138.8,,,,,,0,0
1777264266.435508,1777264257,touchpad,move,,,,,,,792.0,430.0,-11.0,7.0,13.04,1720.1,147.5,,,,,,0,0
1777264266.441537,1777264257,touchpad,move,,,,,,,782.0,436.0,-10.0,6.0,11.66,1934.26,149.0,,,,,,0,0
1777264266.448361,1777264257,touchpad,move,,,,,,,775.0,439.0,-7.0,3.0,7.62,1115.95,156.8,,,,,,0,0
1777264266.455664,1777264257,touchpad,move,,,,,,,766.0,440.0,-9.0,1.0,9.06,1240.04,173.7,,,,,,0,0
1777264266.462709,1777264257,touchpad,move,,,,,,,755.0,442.0,-11.0,2.0,11.18,1586.93,169.7,,,,,,0,0
1777264266.469032,1777264257,touchpad,move,,,,,,,746.0,442.0,-9.0,0.0,9.0,1423.3,180.0,,,,,,0,0
1777264266.477336,1777264257,touchpad,move,,,,,,,736.0,442.0,-10.0,0.0,10.0,1380.39,180.0,,,,,,0,0
1777264266.4844,1777264257,touchpad,move,,,,,,,728.0,441.0,-8.0,-1.0,8.06,992.5,-172.9,,,,,,0,0
1777264266.491377,1777264257,touchpad,move,,,,,,,718.0,439.0,-10.0,-2.0,10.2,1461.6,-168.7,,,,,,0,0
1777264266.497342,1777264257,touchpad,move,,,,,,,713.0,437.0,-5.0,-2.0,5.39,902.83,-158.2,,,,,,0,0
1777264266.503903,1777264257,touchpad,move,,,,,,,707.0,435.0,-6.0,-2.0,6.32,963.96,-161.6,,,,,,0,0
1777264266.510913,1777264257,touchpad,move,,,,,,,704.0,433.0,-3.0,-2.0,3.61,514.31,-146.3,,,,,,0,0
1777264266.518037,1777264257,touchpad,move,,,,,,,699.0,431.0,-5.0,-2.0,5.39,755.95,-158.2,,,,,,0,0
1777264266.524754,1777264257,touchpad,move,,,,,,,697.0,431.0,-2.0,0.0,2.0,297.74,180.0,,,,,,0,0
1777264266.531689,1777264257,touchpad,move,,,,,,,693.0,428.0,-4.0,-3.0,5.0,720.97,-143.1,,,,,,0,0
1777264266.539584,1777264257,touchpad,move,,,,,,,689.0,425.0,-4.0,-3.0,5.0,633.35,-143.1,,,,,,0,0
1777264266.545598,1777264257,touchpad,move,,,,,,,686.0,422.0,-3.0,-3.0,4.24,705.5,-135.0,,,,,,0,0
1777264266.552639,1777264257,touchpad,move,,,,,,,678.0,418.0,-8.0,-4.0,8.94,1270.14,-153.4,,,,,,0,0
1777264266.559067,1777264257,touchpad,move,,,,,,,669.0,409.0,-9.0,-9.0,12.73,1980.07,-135.0,,,,,,0,0
1777264266.566176,1777264257,touchpad,move,,,,,,,662.0,400.0,-7.0,-9.0,11.4,1603.97,-127.9,,,,,,0,0
1777264266.573209,1777264257,touchpad,move,,,,,,,651.0,386.0,-11.0,-14.0,17.8,2531.53,-128.2,,,,,,0,0
1777264266.580381,1777264257,touchpad,move,,,,,,,633.0,357.0,-18.0,-29.0,34.13,4759.32,-121.8,,,,,,0,0
1777264266.588145,1777264257,touchpad,move,,,,,,,625.0,344.0,-8.0,-13.0,15.26,2276.95,-121.6,,,,,,0,0
1777264266.59393,1777264257,touchpad,move,,,,,,,618.0,334.0,-7.0,-10.0,12.21,1783.03,-125.0,,,,,,0,0
1777264266.600539,1777264257,touchpad,move,,,,,,,616.0,330.0,-2.0,-4.0,4.47,676.7,-116.6,,,,,,0,0
1777264266.607588,1777264257,touchpad,move,,,,,,,614.0,328.0,-2.0,-2.0,2.83,401.26,-135.0,,,,,,0,0
1777264266.614549,1777264257,touchpad,move,,,,,,,614.0,328.0,0.0,0.0,0.0,0.0,0.0,,,,,,0,0
1777264266.621641,1777264257,touchpad,move,,,,,,,613.0,327.0,-1.0,-1.0,1.41,199.4,-135.0,,,,,,0,0
1777264266.628675,1777264257,touchpad,move,,,,,,,613.0,327.0,0.0,0.0,0.0,0.0,0.0,,,,,,0,0
1777264266.663476,1777264257,touchpad,move,,,,,,,613.0,327.0,0.0,0.0,0.0,0.0,0.0,,,,,,0,0
1777264266.676991,1777264257,touchpad,move,,,,,,,613.0,327.0,0.0,0.0,0.0,0.0,0.0,,,,,,0,0
1777264266.684633,1777264257,touchpad,move,,,,,,,614.0,327.0,1.0,0.0,1.0,130.87,0.0,,,,,,0,0
1777264266.690601,1777264257,touchpad,move,,,,,,,616.0,326.0,2.0,-1.0,2.24,374.67,-26.6,,,,,,0,0
1777264266.697741,1777264257,touchpad,move,,,,,,,619.0,325.0,3.0,-1.0,3.16,442.86,-18.4,,,,,,0,0
1777264266.704848,1777264257,touchpad,move,,,,,,,627.0,323.0,8.0,-2.0,8.25,1160.33,-14.0,,,,,,0,0
1777264266.711863,1777264257,touchpad,move,,,,,,,639.0,319.0,12.0,-4.0,12.65,1803.09,-18.4,,,,,,0,0
1777264266.718861,1777264257,touchpad,move,,,,,,,655.0,315.0,16.0,-4.0,16.49,2356.79,-14.0,,,,,,0,0
1777264266.725389,1777264257,touchpad,move,,,,,,,671.0,310.0,16.0,-5.0,16.76,2568.1,-17.4,,,,,,0,0
1777264266.733009,1777264257,touchpad,move,,,,,,,696.0,304.0,25.0,-6.0,25.71,3373.96,-13.5,,,,,,0,0
1777264266.739036,1777264257,touchpad,move,,,,,,,708.0,302.0,12.0,-2.0,12.17,2018.43,-9.5,,,,,,0,0
1777264266.746069,1777264257,touchpad,move,,,,,,,717.0,301.0,9.0,-1.0,9.06,1287.49,-6.3,,,,,,0,0
1777264266.753085,1777264257,touchpad,move,,,,,,,727.0,299.0,10.0,-2.0,10.2,1453.5,-11.3,,,,,,0,0
1777264266.760101,1777264257,touchpad,move,,,,,,,739.0,298.0,12.0,-1.0,12.04,1716.32,-4.8,,,,,,0,0
1777264266.766619,1777264257,touchpad,move,,,,,,,749.0,298.0,10.0,0.0,10.0,1534.35,0.0,,,,,,0,0
1777264266.773617,1777264257,touchpad,move,,,,,,,763.0,298.0,14.0,0.0,14.0,2000.42,0.0,,,,,,0,0
1777264266.781646,1777264257,touchpad,move,,,,,,,773.0,298.0,10.0,0.0,10.0,1245.49,0.0,,,,,,0,0
1777264266.787897,1777264257,touchpad,move,,,,,,,785.0,299.0,12.0,1.0,12.04,1926.32,4.8,,,,,,0,0
1777264266.7949,1777264257,touchpad,move,,,,,,,800.0,301.0,15.0,2.0,15.13,2161.02,7.6,,,,,,0,0
1777264266.801435,1777264257,touchpad,move,,,,,,,818.0,302.0,18.0,1.0,18.03,2758.83,3.2,,,,,,0,0
1777264266.808007,1777264257,touchpad,move,,,,,,,836.0,306.0,18.0,4.0,18.44,2805.6,12.5,,,,,,0,0
1777264266.815025,1777264257,touchpad,move,,,,,,,852.0,310.0,16.0,4.0,16.49,2349.99,14.0,,,,,,0,0
1777264266.822033,1777264257,touchpad,move,,,,,,,871.0,315.0,19.0,5.0,19.65,2803.46,14.7,,,,,,0,0
1777264266.82966,1777264257,touchpad,move,,,,,,,884.0,320.0,13.0,5.0,13.93,1826.14,21.0,,,,,,0,0
1777264266.836606,1777264257,touchpad,move,,,,,,,897.0,323.0,13.0,3.0,13.34,1920.88,13.0,,,,,,0,0
1777264266.842624,1777264257,touchpad,move,,,,,,,905.0,324.0,8.0,1.0,8.06,1339.71,7.1,,,,,,0,0
1777264266.850185,1777264257,touchpad,move,,,,,,,914.0,328.0,9.0,4.0,9.85,1302.47,24.0,,,,,,0,0
1777264266.857207,1777264257,touchpad,move,,,,,,,924.0,329.0,10.0,1.0,10.05,1431.32,5.7,,,,,,0,0
1777264266.864197,1777264257,touchpad,move,,,,,,,935.0,330.0,11.0,1.0,11.05,1580.23,5.2,,,,,,0,0
1777264266.87059,1777264257,touchpad,move,,,,,,,946.0,332.0,11.0,2.0,11.18,1748.66,10.3,,,,,,0,0
1777264266.877617,1777264257,touchpad,move,,,,,,,959.0,332.0,13.0,0.0,13.0,1849.97,0.0,,,,,,0,0
1777264266.884606,1777264257,touchpad,move,,,,,,,967.0,333.0,8.0,1.0,8.06,1153.68,7.1,,,,,,0,0
1777264266.891147,1777264257,touchpad,move,,,,,,,973.0,333.0,6.0,0.0,6.0,917.29,0.0,,,,,,0,0
1777264266.898237,1777264257,touchpad,move,,,,,,,978.0,333.0,5.0,0.0,5.0,705.19,0.0,,,,,,0,0
1777264266.905238,1777264257,touchpad,move,,,,,,,982.0,333.0,4.0,0.0,4.0,571.35,0.0,,,,,,0,0
1777264266.912819,1777264257,touchpad,move,,,,,,,984.0,333.0,2.0,0.0,2.0,263.8,0.0,,,,,,0,0
1777264266.919828,1777264257,touchpad,move,,,,,,,987.0,334.0,3.0,1.0,3.16,451.22,18.4,,,,,,0,0
1777264266.926797,1777264257,touchpad,move,,,,,,,990.0,334.0,3.0,0.0,3.0,430.46,0.0,,,,,,0,0
1777264266.933357,1777264257,touchpad,move,,,,,,,990.0,334.0,0.0,0.0,0.0,0.0,0.0,,,,,,0,0
1777264266.940355,1777264257,touchpad,move,,,,,,,991.0,334.0,1.0,0.0,1.0,142.89,0.0,,,,,,0,0
1777264266.946355,1777264257,touchpad,move,,,,,,,991.0,334.0,0.0,0.0,0.0,0.0,0.0,,,,,,0,0
1777264266.953919,1777264257,touchpad,move,,,,,,,991.0,335.0,0.0,1.0,1.0,132.2,90.0,,,,,,0,0
1777264266.968411,1777264257,touchpad,move,,,,,,,992.0,335.0,1.0,0.0,1.0,69.0,0.0,,,,,,0,0
1777264266.975441,1777264257,touchpad,move,,,,,,,992.0,335.0,0.0,0.0,0.0,0.0,0.0,,,,,,0,0
1777264266.995762,1777264257,touchpad,move,,,,,,,992.0,335.0,0.0,0.0,0.0,0.0,0.0,,,,,,0,0
1777264267.376864,1777264257,touchpad,move,,,,,,,992.0,344.0,0.0,9.0,9.0,23.62,90.0,,,,,,0,0
1777264267.382506,1777264257,touchpad,move,,,,,,,992.0,356.0,0.0,12.0,12.0,2126.84,90.0,,,,,,0,0
1777264267.38955,1777264257,touchpad,move,,,,,,,992.0,367.0,0.0,11.0,11.0,1561.49,90.0,,,,,,0,0
1777264267.396516,1777264257,touchpad,move,,,,,,,992.0,380.0,0.0,13.0,13.0,1866.24,90.0,,,,,,0,0
1777264267.403414,1777264257,touchpad,move,,,,,,,993.0,392.0,1.0,12.0,12.04,1745.68,85.2,,,,,,0,0
1777264267.410506,1777264257,touchpad,move,,,,,,,996.0,403.0,3.0,11.0,11.4,1607.8,74.7,,,,,,0,0
1777264267.417464,1777264257,touchpad,move,,,,,,,998.0,413.0,2.0,10.0,10.2,1465.55,78.7,,,,,,0,0
1777264267.424031,1777264257,touchpad,move,,,,,,,999.0,424.0,1.0,11.0,11.05,1682.07,84.8,,,,,,0,0
1777264267.431061,1777264257,touchpad,move,,,,,,,1004.0,435.0,5.0,11.0,12.08,1718.84,65.6,,,,,,0,0
1777264267.43794,1777264257,touchpad,move,,,,,,,1006.0,443.0,2.0,8.0,8.25,1198.74,76.0,,,,,,0,0
1777264267.445514,1777264257,touchpad,move,,,,,,,1008.0,453.0,2.0,10.0,10.2,1346.31,78.7,,,,,,0,0
1777264267.452111,1777264257,touchpad,move,,,,,,,1011.0,461.0,3.0,8.0,8.54,1295.22,69.4,,,,,,0,0
1777264267.459111,1777264257,touchpad,move,,,,,,,1014.0,472.0,3.0,11.0,11.4,1628.88,74.7,,,,,,0,0
1777264267.466601,1777264257,touchpad,move,,,,,,,1018.0,483.0,4.0,11.0,11.7,1562.73,70.0,,,,,,0,0
1777264267.472642,1777264257,touchpad,move,,,,,,,1022.0,493.0,4.0,10.0,10.77,1782.79,68.2,,,,,,0,0
1777264267.480167,1777264257,touchpad,move,,,,,,,1023.0,499.0,1.0,6.0,6.08,808.34,80.5,,,,,,0,0
1777264267.486883,1777264257,touchpad,move,,,,,,,1027.0,509.0,4.0,10.0,10.77,1603.57,68.2,,,,,,0,0
1777264267.493345,1777264257,touchpad,move,,,,,,,1030.0,516.0,3.0,7.0,7.62,1178.66,66.8,,,,,,0,0
1777264267.500988,1777264257,touchpad,move,,,,,,,1033.0,524.0,3.0,8.0,8.54,1117.82,69.4,,,,,,0,0
1777264267.508092,1777264257,touchpad,move,,,,,,,1039.0,533.0,6.0,9.0,10.82,1522.68,56.3,,,,,,0,0
1777264267.515021,1777264257,touchpad,move,,,,,,,1045.0,545.0,6.0,12.0,13.42,1936.29,63.4,,,,,,0,0
1777264267.520988,1777264257,touchpad,move,,,,,,,1052.0,554.0,7.0,9.0,11.4,1910.91,52.1,,,,,,0,0
1777264267.528355,1777264257,touchpad,move,,,,,,,1059.0,564.0,7.0,10.0,12.21,1656.84,55.0,,,,,,0,0
1777264267.53493,1777264257,touchpad,move,,,,,,,1069.0,576.0,10.0,12.0,15.62,2375.87,50.2,,,,,,0,0
1777264267.542173,1777264257,touchpad,move,,,,,,,1078.0,585.0,9.0,9.0,12.73,1757.18,45.0,,,,,,0,0
1777264267.549378,1777264257,touchpad,move,,,,,,,1087.0,594.0,9.0,9.0,12.73,1766.42,45.0,,,,,,0,0
1777264267.556391,1777264257,touchpad,move,,,,,,,1094.0,601.0,7.0,7.0,9.9,1411.58,45.0,,,,,,0,0
1777264267.564044,1777264257,touchpad,move,,,,,,,1106.0,609.0,12.0,8.0,14.42,1884.69,33.7,,,,,,0,0
1777264267.569589,1777264257,touchpad,move,,,,,,,1117.0,616.0,11.0,7.0,13.04,2351.32,32.5,,,,,,0,0
1777264267.576787,1777264257,touchpad,move,,,,,,,1128.0,623.0,11.0,7.0,13.04,1811.31,32.5,,,,,,0,0
1777264267.583815,1777264257,touchpad,move,,,,,,,1144.0,629.0,16.0,6.0,17.09,2431.55,20.6,,,,,,0,0
1777264267.59041,1777264257,touchpad,move,,,,,,,1159.0,635.0,15.0,6.0,16.16,2449.52,21.8,,,,,,0,0
1777264267.597889,1777264257,touchpad,move,,,,,,,1171.0,639.0,12.0,4.0,12.65,1691.29,18.4,,,,,,0,0
1777264267.605662,1777264257,touchpad,move,,,,,,,1184.0,645.0,13.0,6.0,14.32,1842.01,24.8,,,,,,0,0
1777264267.612155,1777264257,touchpad,move,,,,,,,1193.0,648.0,9.0,3.0,9.49,1461.17,18.4,,,,,,0,0
1777264267.618197,1777264257,touchpad,move,,,,,,,1204.0,654.0,11.0,6.0,12.53,2073.73,28.6,,,,,,0,0
1777264267.625148,1777264257,touchpad,move,,,,,,,1214.0,657.0,10.0,3.0,10.44,1502.02,16.7,,,,,,0,0
1777264267.632408,1777264257,touchpad,move,,,,,,,1224.0,664.0,10.0,7.0,12.21,1681.32,35.0,,,,,,0,0
1777264267.63899,1777264257,touchpad,move,,,,,,,1233.0,670.0,9.0,6.0,10.82,1643.24,33.7,,,,,,0,0
1777264267.646025,1777264257,touchpad,move,,,,,,,1243.0,679.0,10.0,9.0,13.45,1912.57,42.0,,,,,,0,0
1777264267.653641,1777264257,touchpad,move,,,,,,,1255.0,691.0,12.0,12.0,16.97,2228.2,45.0,,,,,,0,0
1777264267.660145,1777264257,touchpad,move,,,,,,,1264.0,703.0,9.0,12.0,15.0,2306.34,53.1,,,,,,0,0
1777264267.666165,1777264257,touchpad,move,,,,,,,1272.0,713.0,8.0,10.0,12.81,2127.34,51.3,,,,,,0,0
1777264267.673568,1777264257,touchpad,move,,,,,,,1278.0,720.0,6.0,7.0,9.22,1245.24,49.4,,,,,,0,0
1777264267.680597,1777264257,touchpad,move,,,,,,,1283.0,729.0,5.0,9.0,10.3,1464.92,60.9,,,,,,0,0
1777264267.687569,1777264257,touchpad,move,,,,,,,1286.0,736.0,3.0,7.0,7.62,1092.25,66.8,,,,,,0,0
1777264267.694865,1777264257,touchpad,move,,,,,,,1287.0,739.0,1.0,3.0,3.16,433.42,71.6,,,,,,0,0
1777264267.701085,1777264257,touchpad,move,,,,,,,1288.0,744.0,1.0,5.0,5.1,819.8,78.7,,,,,,0,0
1777264267.708553,1777264257,touchpad,move,,,,,,,1288.0,746.0,0.0,2.0,2.0,267.81,90.0,,,,,,0,0
1777264267.714767,1777264257,touchpad,move,,,,,,,1288.0,746.0,0.0,0.0,0.0,0.0,0.0,,,,,,0,0
1777264267.721826,1777264257,touchpad,move,,,,,,,1288.0,747.0,0.0,1.0,1.0,141.66,90.0,,,,,,0,0
1777264267.728684,1777264257,touchpad,move,,,,,,,1288.0,748.0,0.0,1.0,1.0,145.83,90.0,,,,,,0,0
1777264267.735531,1777264257,touchpad,move,,,,,,,1288.0,748.0,0.0,0.0,0.0,0.0,0.0,,,,,,0,0
1777264267.742531,1777264257,touchpad,move,,,,,,,1288.0,749.0,0.0,1.0,1.0,142.86,90.0,,,,,,0,0
1777264267.749633,1777264257,touchpad,move,,,,,,,1288.0,749.0,0.0,0.0,0.0,0.0,0.0,,,,,,0,0
1777264267.756699,1777264257,touchpad,move,,,,,,,1288.0,750.0,0.0,1.0,1.0,141.52,90.0,,,,,,0,0
1777264267.76404,1777264257,touchpad,move,,,,,,,1288.0,750.0,0.0,0.0,0.0,0.0,0.0,,,,,,0,0
1777264267.770741,1777264257,touchpad,move,,,,,,,1288.0,751.0,0.0,1.0,1.0,149.23,90.0,,,,,,0,0
1777264267.777049,1777264257,touchpad,move,,,,,,,1288.0,752.0,0.0,1.0,1.0,158.54,90.0,,,,,,0,0
1777264267.78408,1777264257,touchpad,move,,,,,,,1288.0,752.0,0.0,0.0,0.0,0.0,0.0,,,,,,0,0
1777264267.79108,1777264257,touchpad,move,,,,,,,1287.0,752.0,-1.0,0.0,1.0,142.85,180.0,,,,,,0,0
1777264267.79817,1777264257,touchpad,move,,,,,,,1287.0,753.0,0.0,1.0,1.0,141.05,90.0,,,,,,0,0
1777264267.805725,1777264257,touchpad,move,,,,,,,1287.0,754.0,0.0,1.0,1.0,132.35,90.0,,,,,,0,0
1777264267.811739,1777264257,touchpad,move,,,,,,,1287.0,754.0,0.0,0.0,0.0,0.0,0.0,,,,,,0,0
1777264267.81927,1777264257,touchpad,move,,,,,,,1287.0,755.0,0.0,1.0,1.0,132.78,90.0,,,,,,0,0
1777264267.825294,1777264257,touchpad,move,,,,,,,1286.0,756.0,-1.0,1.0,1.41,234.8,135.0,,,,,,0,0
1777264267.833288,1777264257,touchpad,move,,,,,,,1286.0,757.0,0.0,1.0,1.0,125.08,90.0,,,,,,0,0
1777264267.846866,1777264257,touchpad,move,,,,,,,1286.0,757.0,0.0,0.0,0.0,0.0,0.0,,,,,,0,0
1777264267.853862,1777264257,touchpad,move,,,,,,,1286.0,759.0,0.0,2.0,2.0,285.88,90.0,,,,,,0,0
1777264267.867427,1777264257,touchpad,move,,,,,,,1285.0,759.0,-1.0,0.0,1.0,73.72,180.0,,,,,,0,0
1777264267.874423,1777264257,touchpad,move,,,,,,,1285.0,760.0,0.0,1.0,1.0,142.94,90.0,,,,,,0,0
1777264267.880585,1777264257,touchpad,move,,,,,,,1283.0,760.0,-2.0,0.0,2.0,324.55,180.0,,,,,,0,0
1777264268.120367,1777264257,touchpad,move,,,,,,,1264.0,774.0,-19.0,14.0,23.6,98.43,143.6,,,,,,0,0
1777264268.127863,1777264257,touchpad,move,,,,,,,1236.0,795.0,-28.0,21.0,35.0,4669.08,143.1,,,,,,0,0
1777264268.13488,1777264257,touchpad,move,,,,,,,1206.0,818.0,-30.0,23.0,37.8,5386.75,142.5,,,,,,0,0
1777264268.140879,1777264257,touchpad,move,,,,,,,1186.0,833.0,-20.0,15.0,25.0,4167.47,143.1,,,,,,0,0
1777264268.148415,1777264257,touchpad,move,,,,,,,1167.0,845.0,-19.0,12.0,22.47,2982.2,147.7,,,,,,0,0
1777264268.155432,1777264257,touchpad,move,,,,,,,1148.0,858.0,-19.0,13.0,23.02,3280.68,145.6,,,,,,0,0
1777264268.16244,1777264257,touchpad,move,,,,,,,1118.0,877.0,-30.0,19.0,35.51,5066.92,147.7,,,,,,0,0
1777264268.168999,1777264257,touchpad,move,,,,,,,1103.0,887.0,-15.0,10.0,18.03,2748.5,146.3,,,,,,0,0
1777264268.176013,1777264257,touchpad,move,,,,,,,1081.0,900.0,-22.0,13.0,25.55,3643.25,149.4,,,,,,0,0
1777264268.18302,1777264257,touchpad,move,,,,,,,1070.0,907.0,-11.0,7.0,13.04,1860.93,147.5,,,,,,0,0
1777264268.189546,1777264257,touchpad,move,,,,,,,1061.0,911.0,-9.0,4.0,9.85,1509.17,156.0,,,,,,0,0
1777264268.196558,1777264257,touchpad,move,,,,,,,1047.0,916.0,-14.0,5.0,14.87,2120.05,160.3,,,,,,0,0
1777264268.203108,1777264257,touchpad,move,,,,,,,1037.0,918.0,-10.0,2.0,10.2,1557.05,168.7,,,,,,0,0
1777264268.210348,1777264257,touchpad,move,,,,,,,1030.0,919.0,-7.0,1.0,7.07,976.59,171.9,,,,,,0,0
1777264268.218367,1777264257,touchpad,move,,,,,,,1026.0,919.0,-4.0,0.0,4.0,571.26,180.0,,,,,,0,0
1777264268.224349,1777264257,touchpad,move,,,,,,,1021.0,919.0,-5.0,0.0,5.0,714.43,180.0,,,,,,0,0
1777264268.231482,1777264257,touchpad,move,,,,,,,1018.0,919.0,-3.0,0.0,3.0,420.57,180.0,,,,,,0,0
1777264268.238515,1777264257,touchpad,move,,,,,,,1015.0,918.0,-3.0,-1.0,3.16,449.66,-161.6,,,,,,0,0
1777264268.245494,1777264257,touchpad,move,,,,,,,1013.0,918.0,-2.0,0.0,2.0,286.55,180.0,,,,,,0,0
1777264268.252717,1777264257,touchpad,move,,,,,,,1012.0,917.0,-1.0,-1.0,1.41,195.8,-135.0,,,,,,0,0
1777264268.258757,1777264257,touchpad,move,,,,,,,1011.0,917.0,-1.0,0.0,1.0,165.57,180.0,,,,,,0,0
1777264268.265727,1777264257,touchpad,move,,,,,,,1011.0,916.0,0.0,-1.0,1.0,143.47,-90.0,,,,,,0,0
1777264268.273286,1777264257,touchpad,move,,,,,,,1010.0,915.0,-1.0,-1.0,1.41,215.62,-135.0,,,,,,0,0
1777264268.27982,1777264257,touchpad,move,,,,,,,1010.0,915.0,0.0,0.0,0.0,0.0,0.0,,,,,,0,0
1777264268.286814,1777264257,touchpad,move,,,,,,,1009.0,914.0,-1.0,-1.0,1.41,202.2,-135.0,,,,,,0,0
1777264268.30086,1777264257,touchpad,move,,,,,,,1009.0,914.0,0.0,0.0,0.0,0.0,0.0,,,,,,0,0
1777264268.306867,1777264257,touchpad,move,,,,,,,1009.0,913.0,0.0,-1.0,1.0,166.48,-90.0,,,,,,0,0
1777264268.313936,1777264257,touchpad,move,,,,,,,1009.0,913.0,0.0,0.0,0.0,0.0,0.0,,,,,,0,0
1777264268.327949,1777264257,touchpad,move,,,,,,,1009.0,912.0,0.0,-1.0,1.0,71.36,-90.0,,,,,,0,0
1777264268.342524,1777264257,touchpad,move,,,,,,,1009.0,911.0,0.0,-1.0,1.0,68.61,-90.0,,,,,,0,0
1777264268.348505,1777264257,touchpad,move,,,,,,,1009.0,911.0,0.0,0.0,0.0,0.0,0.0,,,,,,0,0
1777264268.356059,1777264257,touchpad,move,,,,,,,1010.0,910.0,1.0,-1.0,1.41,187.19,-45.0,,,,,,0,0
1777264268.363078,1777264257,touchpad,move,,,,,,,1012.0,909.0,2.0,-1.0,2.24,318.57,-26.6,,,,,,0,0
1777264268.369095,1777264257,touchpad,move,,,,,,,1017.0,907.0,5.0,-2.0,5.39,895.1,-21.8,,,,,,0,0
1777264268.376599,1777264257,touchpad,move,,,,,,,1028.0,903.0,11.0,-4.0,11.7,1559.75,-20.0,,,,,,0,0
1777264268.383609,1777264257,touchpad,move,,,,,,,1047.0,899.0,19.0,-4.0,19.42,2769.83,-11.9,,,,,,0,0
1777264268.390619,1777264257,touchpad,move,,,,,,,1081.0,894.0,34.0,-5.0,34.37,4902.39,-8.4,,,,,,0,0
1777264268.397171,1777264257,touchpad,move,,,,,,,1104.0,892.0,23.0,-2.0,23.09,3523.25,-5.0,,,,,,0,0
1777264268.403713,1777264257,touchpad,move,,,,,,,1126.0,891.0,22.0,-1.0,22.02,3366.87,-2.6,,,,,,0,0
1777264268.411715,1777264257,touchpad,move,,,,,,,1162.0,891.0,36.0,0.0,36.0,4498.85,0.0,,,,,,0,0
1777264268.418008,1777264257,touchpad,move,,,,,,,1189.0,891.0,27.0,0.0,27.0,4290.12,0.0,,,,,,0,0
1777264268.426032,1777264257,touchpad,move,,,,,,,1205.0,891.0,16.0,0.0,16.0,1993.96,0.0,,,,,,0,0
1777264268.432024,1777264257,touchpad,move,,,,,,,1235.0,891.0,30.0,0.0,30.0,5006.53,0.0,,,,,,0,0
1777264268.438588,1777264257,touchpad,move,,,,,,,1271.0,891.0,36.0,0.0,36.0,5485.14,0.0,,,,,,0,0
1777264268.44559,1777264257,touchpad,move,,,,,,,1293.0,890.0,22.0,-1.0,22.02,3145.26,-2.6,,,,,,0,0
1777264268.452342,1777264257,touchpad,move,,,,,,,1329.0,888.0,36.0,-2.0,36.06,5339.4,-3.2,,,,,,0,0
1777264268.459889,1777264257,touchpad,move,,,,,,,1376.0,884.0,47.0,-4.0,47.17,6250.23,-4.9,,,,,,0,0
1777264268.466883,1777264257,touchpad,move,,,,,,,1412.0,882.0,36.0,-2.0,36.06,5155.55,-3.2,,,,,,0,0
1777264268.474395,1777264257,touchpad,move,,,,,,,1464.0,879.0,52.0,-3.0,52.09,6933.9,-3.3,,,,,,0,0
1777264268.480409,1777264257,touchpad,move,,,,,,,1513.0,875.0,49.0,-4.0,49.16,8174.61,-4.7,,,,,,0,0
1777264268.487434,1777264257,touchpad,move,,,,,,,1540.0,875.0,27.0,0.0,27.0,3843.41,0.0,,,,,,0,0
1777264268.494421,1777264257,touchpad,move,,,,,,,1579.0,871.0,39.0,-4.0,39.2,5611.19,-5.9,,,,,,0,0
1777264268.501398,1777264257,touchpad,move,,,,,,,1610.0,868.0,31.0,-3.0,31.14,4463.88,-5.5,,,,,,0,0
1777264268.508398,1777264257,touchpad,move,,,,,,,1639.0,865.0,29.0,-3.0,29.15,4164.56,-5.9,,,,,,0,0
1777264268.514398,1777264257,touchpad,move,,,,,,,1679.0,858.0,40.0,-7.0,40.61,6768.74,-9.9,,,,,,0,0
1777264268.521956,1777264257,touchpad,move,,,,,,,1713.0,852.0,34.0,-6.0,34.53,4567.7,-10.0,,,,,,0,0
1777264268.528972,1777264257,touchpad,move,,,,,,,1729.0,849.0,16.0,-3.0,16.28,2320.18,-10.6,,,,,,0,0
1777264268.534969,1777264257,touchpad,move,,,,,,,1755.0,844.0,26.0,-5.0,26.48,4415.51,-10.9,,,,,,0,0
1777264268.542539,1777264257,touchpad,move,,,,,,,1777.0,843.0,22.0,-1.0,22.02,2909.2,-2.6,,,,,,0,0
1777264268.549541,1777264257,touchpad,move,,,,,,,1791.0,840.0,14.0,-3.0,14.32,2044.65,-12.1,,,,,,0,0
1777264268.557088,1777264257,touchpad,move,,,,,,,1802.0,839.0,11.0,-1.0,11.05,1463.52,-5.2,,,,,,0,0
1777264268.564138,1777264257,touchpad,move,,,,,,,1814.0,837.0,12.0,-2.0,12.17,1725.66,-9.5,,,,,,0,0
1777264268.571137,1777264257,touchpad,move,,,,,,,1823.0,836.0,9.0,-1.0,9.06,1293.9,-6.3,,,,,,0,0
1777264268.577659,1777264257,touchpad,move,,,,,,,1827.0,836.0,4.0,0.0,4.0,798.53,0.0,,,,,,0,0
1777264268.584694,1777264257,touchpad,move,,,,,,,1829.0,836.0,2.0,0.0,2.0,233.97,0.0,,,,,,0,0
1777264268.59068,1777264257,touchpad,move,,,,,,,1832.0,836.0,3.0,0.0,3.0,501.13,0.0,,,,,,0,0
1777264268.605239,1777264257,touchpad,move,,,,,,,1832.0,836.0,0.0,0.0,0.0,0.0,0.0,,,,,,0,0
1777264268.681027,1777264257,touchpad,move,,,,,,,1832.0,836.0,0.0,0.0,0.0,0.0,0.0,,,,,,0,0
1777264268.924416,1777264257,touchpad,move,,,,,,,1830.0,858.0,-2.0,22.0,22.09,90.76,95.2,,,,,,0,0
1777264268.930987,1777264257,touchpad,move,,,,,,,1824.0,887.0,-6.0,29.0,29.61,4506.44,101.7,,,,,,0,0
1777264268.938027,1777264257,touchpad,move,,,,,,,1818.0,911.0,-6.0,24.0,24.74,3514.24,104.0,,,,,,0,0
1777264268.946025,1777264257,touchpad,move,,,,,,,1812.0,933.0,-6.0,22.0,22.8,2851.16,105.3,,,,,,0,0
1777264268.951521,1777264257,touchpad,move,,,,,,,1809.0,946.0,-3.0,13.0,13.34,2427.41,103.0,,,,,,0,0
1777264268.959562,1777264257,touchpad,move,,,,,,,1802.0,966.0,-7.0,20.0,21.19,2635.15,109.3,,,,,,0,0
1777264268.966539,1777264257,touchpad,move,,,,,,,1797.0,979.0,-5.0,13.0,13.93,1996.37,111.0,,,,,,0,0
1777264268.973083,1777264257,touchpad,move,,,,,,,1791.0,995.0,-6.0,16.0,17.09,2611.39,110.6,,,,,,0,0
1777264268.980101,1777264257,touchpad,move,,,,,,,1787.0,1006.0,-4.0,11.0,11.7,1667.62,110.0,,,,,,0,0
1777264268.987098,1777264257,touchpad,move,,,,,,,1784.0,1015.0,-3.0,9.0,9.49,1355.96,108.4,,,,,,0,0
1777264268.99363,1777264257,touchpad,move,,,,,,,1779.0,1026.0,-5.0,11.0,12.08,1849.7,114.4,,,,,,0,0
1777264269.000142,1777264257,touchpad,move,,,,,,,1775.0,1037.0,-4.0,11.0,11.7,1797.56,110.0,,,,,,0,0
1777264269.008158,1777264257,touchpad,move,,,,,,,1770.0,1050.0,-5.0,13.0,13.93,1737.5,111.0,,,,,,0,0
1777264269.014716,1777264257,touchpad,move,,,,,,,1766.0,1059.0,-4.0,9.0,9.85,1501.71,114.0,,,,,,0,0
1777264269.021733,1777264257,touchpad,move,,,,,,,1762.0,1072.0,-4.0,13.0,13.6,1938.59,107.1,,,,,,0,0
1777264269.028735,1777264257,touchpad,move,,,,,,,1758.0,1080.0,-4.0,8.0,8.94,1277.24,116.6,,,,,,0,0
1777264269.035258,1777264257,touchpad,move,,,,,,,1756.0,1085.0,-2.0,5.0,5.39,825.61,111.8,,,,,,0,0
1777264269.042268,1777264257,touchpad,move,,,,,,,1754.0,1082.0,-2.0,-3.0,3.61,514.36,-123.7,,,,,,0,0
1777264269.049309,1777264257,touchpad,move,,,,,,,1753.0,1081.0,-1.0,-1.0,1.41,200.85,-135.0,,,,,,0,0
1777264269.056521,1777264257,touchpad,move,,,,,,,1752.0,1081.0,-1.0,0.0,1.0,138.65,180.0,,,,,,0,0
1777264269.064534,1777264257,touchpad,move,,,,,,,1752.0,1079.0,0.0,-2.0,2.0,249.59,-90.0,,,,,,0,0
1777264269.069538,1777264257,touchpad,move,,,,,,,1752.0,1080.0,0.0,1.0,1.0,199.83,90.0,,,,,,0,0
1777264269.07676,1777264257,touchpad,move,,,,,,,1752.0,1080.0,0.0,0.0,0.0,0.0,0.0,,,,,,0,0
1777264269.083772,1777264257,touchpad,move,,,,,,,1752.0,1079.0,0.0,-1.0,1.0,142.6,-90.0,,,,,,0,0
1777264269.090771,1777264257,touchpad,move,,,,,,,1751.0,1079.0,-1.0,0.0,1.0,142.88,180.0,,,,,,0,0
1777264269.111847,1777264257,touchpad,move,,,,,,,1751.0,1079.0,0.0,0.0,0.0,0.0,0.0,,,,,,0,0
1777264269.138841,1777264257,touchpad,move,,,,,,,1751.0,1079.0,0.0,0.0,0.0,0.0,0.0,,,,,,0,0
1777264269.152863,1777264257,touchpad,move,,,,,,,1750.0,1079.0,-1.0,0.0,1.0,71.32,180.0,,,,,,0,0
1777264269.160415,1777264257,touchpad,move,,,,,,,1750.0,1079.0,0.0,0.0,0.0,0.0,0.0,,,,,,0,0
1777264269.166426,1777264257,touchpad,move,,,,,,,1750.0,1078.0,0.0,-1.0,1.0,166.35,-90.0,,,,,,0,0
1777264269.173445,1777264257,touchpad,move,,,,,,,1750.0,1078.0,0.0,0.0,0.0,0.0,0.0,,,,,,0,0
1777264269.180983,1777264257,touchpad,move,,,,,,,1750.0,1078.0,0.0,0.0,0.0,0.0,0.0,,,,,,0,0
1777264269.187005,1777264257,touchpad,move,,,,,,,1749.0,1077.0,-1.0,-1.0,1.41,234.84,-135.0,,,,,,0,0
1777264269.195013,1777264257,touchpad,move,,,,,,,1749.0,1077.0,0.0,0.0,0.0,0.0,0.0,,,,,,0,0
1777264269.201699,1777264257,touchpad,move,,,,,,,1748.0,1075.0,-1.0,-2.0,2.24,334.41,-116.6,,,,,,0,0
1777264269.208745,1777264257,touchpad,move,,,,,,,1748.0,1075.0,0.0,0.0,0.0,0.0,0.0,,,,,,0,0
1777264269.214737,1777264257,touchpad,move,,,,,,,1747.0,1073.0,-1.0,-2.0,2.24,373.21,-116.6,,,,,,0,0
1777264269.221979,1777264257,touchpad,move,,,,,,,1745.0,1071.0,-2.0,-2.0,2.83,390.54,-135.0,,,,,,0,0
1777264269.228997,1777264257,touchpad,move,,,,,,,1741.0,1068.0,-4.0,-3.0,5.0,712.52,-143.1,,,,,,0,0
1777264269.236009,1777264257,touchpad,move,,,,,,,1728.0,1062.0,-13.0,-6.0,14.32,2041.66,-155.2,,,,,,0,0
1777264269.242545,1777264257,touchpad,move,,,,,,,1714.0,1056.0,-14.0,-6.0,15.23,2330.49,-156.8,,,,,,0,0
1777264269.249545,1777264257,touchpad,move,,,,,,,1679.0,1048.0,-35.0,-8.0,35.9,5128.97,-167.1,,,,,,0,0
1777264269.256534,1777264257,touchpad,move,,,,,,,1647.0,1039.0,-32.0,-9.0,33.24,4756.59,-164.3,,,,,,0,0
1777264269.26376,1777264257,touchpad,move,,,,,,,1618.0,1034.0,-29.0,-5.0,29.43,4072.37,-170.2,,,,,,0,0
1777264269.27076,1777264257,touchpad,move,,,,,,,1597.0,1030.0,-21.0,-4.0,21.38,3053.74,-169.2,,,,,,0,0
1777264269.277295,1777264257,touchpad,move,,,,,,,1576.0,1026.0,-21.0,-4.0,21.38,3271.57,-169.2,,,,,,0,0
1777264269.283836,1777264257,touchpad,move,,,,,,,1553.0,1023.0,-23.0,-3.0,23.19,3545.67,-172.6,,,,,,0,0
1777264269.291878,1777264257,touchpad,move,,,,,,,1532.0,1020.0,-21.0,-3.0,21.21,2638.0,-171.9,,,,,,0,0
1777264269.297847,1777264257,touchpad,move,,,,,,,1510.0,1019.0,-22.0,-1.0,22.02,3689.34,-177.4,,,,,,0,0
1777264269.305057,1777264257,touchpad,move,,,,,,,1476.0,1016.0,-34.0,-3.0,34.13,4734.3,-175.0,,,,,,0,0
1777264269.312085,1777264257,touchpad,move,,,,,,,1449.0,1016.0,-27.0,0.0,27.0,3841.72,180.0,,,,,,0,0
1777264269.319079,1777264257,touchpad,move,,,,,,,1431.0,1014.0,-18.0,-2.0,18.11,2589.47,-173.7,,,,,,0,0
1777264269.325633,1777264257,touchpad,move,,,,,,,1415.0,1014.0,-16.0,0.0,16.0,2441.3,180.0,,,,,,0,0
1777264269.332631,1777264257,touchpad,move,,,,,,,1400.0,1014.0,-15.0,0.0,15.0,2143.38,180.0,,,,,,0,0
1777264269.339631,1777264257,touchpad,move,,,,,,,1388.0,1015.0,-12.0,1.0,12.04,1720.12,175.2,,,,,,0,0
1777264269.347168,1777264257,touchpad,move,,,,,,,1375.0,1017.0,-13.0,2.0,13.15,1745.09,171.3,,,,,,0,0
1777264269.353207,1777264257,touchpad,move,,,,,,,1361.0,1020.0,-14.0,3.0,14.32,2371.02,167.9,,,,,,0,0
1777264269.3602,1777264257,touchpad,move,,,,,,,1352.0,1021.0,-9.0,1.0,9.06,1294.91,173.7,,,,,,0,0
1777264269.366745,1777264257,touchpad,move,,,,,,,1344.0,1023.0,-8.0,2.0,8.25,1260.0,166.0,,,,,,0,0
1777264269.373746,1777264257,touchpad,move,,,,,,,1338.0,1025.0,-6.0,2.0,6.32,903.33,161.6,,,,,,0,0
1777264269.380777,1777264257,touchpad,move,,,,,,,1335.0,1026.0,-3.0,1.0,3.16,449.79,161.6,,,,,,0,0
1777264269.388329,1777264257,touchpad,move,,,,,,,1333.0,1027.0,-2.0,1.0,2.24,296.07,153.4,,,,,,0,0
1777264269.395341,1777264257,touchpad,move,,,,,,,1332.0,1027.0,-1.0,0.0,1.0,142.61,180.0,,,,,,0,0
1777264269.402833,1777264257,touchpad,move,,,,,,,1332.0,1028.0,0.0,1.0,1.0,133.48,90.0,,,,,,0,0
1777264269.422385,1777264257,touchpad,move,,,,,,,1332.0,1028.0,0.0,0.0,0.0,0.0,0.0,,,,,,0,0
1777264269.443927,1777264257,touchpad,move,,,,,,,1332.0,1029.0,0.0,1.0,1.0,46.42,90.0,,,,,,0,0
1777264269.463799,1777264257,touchpad,move,,,,,,,1332.0,1029.0,0.0,0.0,0.0,0.0,0.0,,,,,,0,0
1777264269.484462,1777264257,touchpad,move,,,,,,,1332.0,1030.0,0.0,1.0,1.0,48.4,90.0,,,,,,0,0
1777264269.533694,1777264257,touchpad,move,,,,,,,1332.0,1030.0,0.0,0.0,0.0,0.0,0.0,,,,,,0,0
1777264269.554235,1777264257,touchpad,move,,,,,,,1332.0,1030.0,0.0,0.0,0.0,0.0,0.0,,,,,,0,0
1777264269.561284,1777264257,touchpad,move,,,,,,,1332.0,1030.0,0.0,0.0,0.0,0.0,0.0,,,,,,0,0
1777264269.568287,1777264257,touchpad,move,,,,,,,1332.0,1030.0,0.0,0.0,0.0,0.0,0.0,,,,,,0,0
1777264269.574844,1777264257,touchpad,move,,,,,,,1332.0,1029.0,0.0,-1.0,1.0,152.51,-90.0,,,,,,0,0
1777264269.581862,1777264257,touchpad,move,,,,,,,1334.0,1028.0,2.0,-1.0,2.24,318.61,-26.6,,,,,,0,0
1777264269.588871,1777264257,touchpad,move,,,,,,,1336.0,1024.0,2.0,-4.0,4.47,638.08,-63.4,,,,,,0,0
1777264269.595418,1777264257,touchpad,move,,,,,,,1346.0,1011.0,10.0,-13.0,16.4,2505.16,-52.4,,,,,,0,0
1777264269.602953,1777264257,touchpad,move,,,,,,,1361.0,991.0,15.0,-20.0,25.0,3317.65,-53.1,,,,,,0,0
1777264269.609955,1777264257,touchpad,move,,,,,,,1373.0,977.0,12.0,-14.0,18.44,2633.36,-49.4,,,,,,0,0
1777264269.616488,1777264257,touchpad,move,,,,,,,1391.0,952.0,18.0,-25.0,30.81,4715.66,-54.2,,,,,,0,0
1777264269.623547,1777264257,touchpad,move,,,,,,,1406.0,928.0,15.0,-24.0,28.3,4009.42,-58.0,,,,,,0,0
1777264269.630537,1777264257,touchpad,move,,,,,,,1411.0,915.0,5.0,-13.0,13.93,1992.56,-69.0,,,,,,0,0
1777264269.638068,1777264257,touchpad,move,,,,,,,1417.0,904.0,6.0,-11.0,12.53,1663.8,-61.4,,,,,,0,0
1777264269.64509,1777264257,touchpad,move,,,,,,,1418.0,900.0,1.0,-4.0,4.12,684.84,-76.0,,,,,,0,0
1777264269.651091,1777264257,touchpad,move,,,,,,,1418.0,899.0,0.0,-1.0,1.0,142.81,-90.0,,,,,,0,0
1777264269.658636,1777264257,touchpad,move,,,,,,,1418.0,898.0,0.0,-1.0,1.0,152.93,-90.0,,,,,,0,0
1777264269.665649,1777264257,touchpad,move,,,,,,,1418.0,897.0,0.0,-1.0,1.0,142.44,-90.0,,,,,,0,0
1777264269.679188,1777264257,touchpad,move,,,,,,,1418.0,897.0,0.0,0.0,0.0,0.0,0.0,,,,,,0,0
1777264269.686244,1777264257,touchpad,move,,,,,,,1418.0,897.0,0.0,0.0,0.0,0.0,0.0,,,,,,0,0
1777264269.706414,1777264257,touchpad,move,,,,,,,1418.0,896.0,0.0,-1.0,1.0,49.58,-90.0,,,,,,0,0
1777264269.713335,1777264257,touchpad,move,,,,,,,1415.0,895.0,-3.0,-1.0,3.16,456.91,-161.6,,,,,,0,0
1777264269.720507,1777264257,touchpad,move,,,,,,,1404.0,889.0,-11.0,-6.0,12.53,1746.98,-151.4,,,,,,0,0
1777264269.727525,1777264257,touchpad,move,,,,,,,1384.0,883.0,-20.0,-6.0,20.88,2975.36,-163.3,,,,,,0,0
1777264269.73452,1777264257,touchpad,move,,,,,,,1345.0,875.0,-39.0,-8.0,39.81,5691.73,-168.4,,,,,,0,0
1777264269.741071,1777264257,touchpad,move,,,,,,,1310.0,869.0,-35.0,-6.0,35.51,5420.61,-170.3,,,,,,0,0
1777264269.74806,1777264257,touchpad,move,,,,,,,1290.0,867.0,-20.0,-2.0,20.1,2875.81,-174.3,,,,,,0,0
1777264269.755058,1777264257,touchpad,move,,,,,,,1268.0,867.0,-22.0,0.0,22.0,3143.73,180.0,,,,,,0,0
1777264269.761584,1777264257,touchpad,move,,,,,,,1249.0,868.0,-19.0,1.0,19.03,2915.46,177.0,,,,,,0,0
1777264269.768601,1777264257,touchpad,move,,,,,,,1235.0,870.0,-14.0,2.0,14.14,2015.37,171.9,,,,,,0,0
1777264269.775613,1777264257,touchpad,move,,,,,,,1216.0,874.0,-19.0,4.0,19.42,2769.27,168.1,,,,,,0,0
1777264269.782692,1777264257,touchpad,move,,,,,,,1198.0,876.0,-18.0,2.0,18.11,2558.25,173.7,,,,,,0,0
1777264269.789732,1777264257,touchpad,move,,,,,,,1183.0,879.0,-15.0,3.0,15.3,2173.09,168.7,,,,,,0,0
1777264269.795709,1777264257,touchpad,move,,,,,,,1173.0,881.0,-10.0,2.0,10.2,1706.17,168.7,,,,,,0,0
1777264269.803517,1777264257,touchpad,move,,,,,,,1160.0,883.0,-13.0,2.0,13.15,1684.5,171.3,,,,,,0,0
1777264269.809988,1777264257,touchpad,move,,,,,,,1153.0,884.0,-7.0,1.0,7.07,1092.79,171.9,,,,,,0,0
1777264269.817988,1777264257,touchpad,move,,,,,,,1148.0,886.0,-5.0,2.0,5.39,768.84,158.2,,,,,,0,0
1777264269.824623,1777264257,touchpad,move,,,,,,,1145.0,886.0,-3.0,0.0,3.0,393.12,180.0,,,,,,0,0
1777264269.831663,1777264257,touchpad,move,,,,,,,1144.0,887.0,-1.0,1.0,1.41,200.88,135.0,,,,,,0,0
1777264269.837648,1777264257,touchpad,move,,,,,,,1143.0,888.0,-1.0,1.0,1.41,236.3,135.0,,,,,,0,0
1777264269.845196,1777264257,touchpad,move,,,,,,,1142.0,888.0,-1.0,0.0,1.0,132.48,180.0,,,,,,0,0
1777264269.851224,1777264257,touchpad,move,,,,,,,1141.0,889.0,-1.0,1.0,1.41,234.6,135.0,,,,,,0,0
1777264269.872749,1777264257,touchpad,move,,,,,,,1141.0,890.0,0.0,1.0,1.0,46.46,90.0,,,,,,0,0
1777264269.879751,1777264257,touchpad,move,,,,,,,1141.0,891.0,0.0,1.0,1.0,142.83,90.0,,,,,,0,0
1777264269.886325,1777264257,touchpad,move,,,,,,,1140.0,892.0,-1.0,1.0,1.41,215.12,135.0,,,,,,0,0
1777264269.89337,1777264257,touchpad,move,,,,,,,1139.0,894.0,-1.0,2.0,2.24,317.4,116.6,,,,,,0,0
1777264269.900336,1777264257,touchpad,move,,,,,,,1138.0,900.0,-1.0,6.0,6.08,873.13,99.5,,,,,,0,0
1777264269.906855,1777264257,touchpad,move,,,,,,,1134.0,908.0,-4.0,8.0,8.94,1372.17,116.6,,,,,,0,0
1777264269.914888,1777264257,touchpad,move,,,,,,,1127.0,923.0,-7.0,15.0,16.55,2359.73,115.0,,,,,,0,0
1777264269.920866,1777264257,touchpad,move,,,,,,,1123.0,931.0,-4.0,8.0,8.94,1278.46,116.6,,,,,,0,0
1777264269.928409,1777264257,touchpad,move,,,,,,,1116.0,941.0,-7.0,10.0,12.21,1618.09,125.0,,,,,,0,0
1777264269.934411,1777264257,touchpad,move,,,,,,,1111.0,948.0,-5.0,7.0,8.6,1433.26,125.5,,,,,,0,0
1777264269.94141,1777264257,touchpad,move,,,,,,,1108.0,954.0,-3.0,6.0,6.71,958.48,116.6,,,,,,0,0
1777264269.948961,1777264257,touchpad,move,,,,,,,1106.0,957.0,-2.0,3.0,3.61,550.96,123.7,,,,,,0,0
1777264269.955969,1777264257,touchpad,move,,,,,,,1103.0,960.0,-3.0,3.0,4.24,529.33,135.0,,,,,,0,0
1777264269.963528,1777264257,touchpad,move,,,,,,,1101.0,963.0,-2.0,3.0,3.61,477.01,123.7,,,,,,0,0
1777264269.97057,1777264257,touchpad,move,,,,,,,1099.0,965.0,-2.0,2.0,2.83,401.64,135.0,,,,,,0,0
1777264269.976561,1777264257,touchpad,move,,,,,,,1098.0,966.0,-1.0,1.0,1.41,236.08,135.0,,,,,,0,0
1777264269.983576,1777264257,touchpad,move,,,,,,,1096.0,967.0,-2.0,1.0,2.24,318.73,153.4,,,,,,0,0
1777264269.99012,1777264257,touchpad,move,,,,,,,1095.0,968.0,-1.0,1.0,1.41,216.11,135.0,,,,,,0,0
1777264270.004685,1777264257,touchpad,move,,,,,,,1094.0,969.0,-1.0,1.0,1.41,97.09,135.0,,,,,,0,0
1777264270.011207,1777264257,touchpad,move,,,,,,,1093.0,970.0,-1.0,1.0,1.41,216.86,135.0,,,,,,0,0
1777264270.018221,1777264257,touchpad,move,,,,,,,1092.0,971.0,-1.0,1.0,1.41,201.61,135.0,,,,,,0,0
1777264270.025225,1777264257,touchpad,move,,,,,,,1091.0,972.0,-1.0,1.0,1.41,201.93,135.0,,,,,,0,0
1777264270.031762,1777264257,touchpad,move,,,,,,,1090.0,972.0,-1.0,0.0,1.0,152.97,180.0,,,,,,0,0
1777264270.03879,1777264257,touchpad,move,,,,,,,1089.0,973.0,-1.0,1.0,1.41,201.22,135.0,,,,,,0,0
1777264270.045772,1777264257,touchpad,move,,,,,,,1088.0,973.0,-1.0,0.0,1.0,143.24,180.0,,,,,,0,0
1777264270.053318,1777264257,touchpad,move,,,,,,,1086.0,975.0,-2.0,2.0,2.83,374.82,135.0,,,,,,0,0
1777264270.059314,1777264257,touchpad,move,,,,,,,1084.0,976.0,-2.0,1.0,2.24,372.93,153.4,,,,,,0,0
1777264270.066314,1777264257,touchpad,move,,,,,,,1082.0,977.0,-2.0,1.0,2.24,319.44,153.4,,,,,,0,0
1777264270.073444,1777264257,touchpad,move,,,,,,,1080.0,978.0,-2.0,1.0,2.24,313.62,153.4,,,,,,0,0
1777264270.080469,1777264257,touchpad,move,,,,,,,1078.0,979.0,-2.0,1.0,2.24,318.29,153.4,,,,,,0,0
1777264270.087472,1777264257,touchpad,move,,,,,,,1075.0,980.0,-3.0,1.0,3.16,451.54,161.6,,,,,,0,0
1777264270.095009,1777264257,touchpad,move,,,,,,,1073.0,981.0,-2.0,1.0,2.24,296.69,153.4,,,,,,0,0
1777264270.100007,1777264257,touchpad,move,,,,,,,1071.0,981.0,-2.0,0.0,2.0,400.16,180.0,,,,,,0,0
1777264270.107532,1777264257,touchpad,move,,,,,,,1068.0,982.0,-3.0,1.0,3.16,420.25,161.6,,,,,,0,0
1777264270.115094,1777264257,touchpad,move,,,,,,,1066.0,983.0,-2.0,1.0,2.24,295.66,153.4,,,,,,0,0
1777264270.122108,1777264257,touchpad,move,,,,,,,1064.0,983.0,-2.0,0.0,2.0,285.18,180.0,,,,,,0,0
1777264270.130114,1777264257,touchpad,move,,,,,,,1060.0,983.0,-4.0,0.0,4.0,570.15,180.0,,,,,,0,0
1777264270.1353,1777264257,touchpad,move,,,,,,,1055.0,983.0,-5.0,0.0,5.0,809.49,180.0,,,,,,0,0
1777264270.142311,1777264257,touchpad,move,,,,,,,1047.0,983.0,-8.0,0.0,8.0,1141.0,180.0,,,,,,0,0
1777264270.149315,1777264257,touchpad,move,,,,,,,1039.0,981.0,-8.0,-2.0,8.25,1177.47,-166.0,,,,,,0,0
1777264270.156848,1777264257,touchpad,move,,,,,,,1032.0,979.0,-7.0,-2.0,7.28,966.36,-164.1,,,,,,0,0
1777264270.163862,1777264257,touchpad,move,,,,,,,1024.0,976.0,-8.0,-3.0,8.54,1218.17,-159.4,,,,,,0,0
1777264270.169858,1777264257,touchpad,move,,,,,,,1016.0,973.0,-8.0,-3.0,8.54,1424.9,-159.4,,,,,,0,0
1777264270.177439,1777264257,touchpad,move,,,,,,,1011.0,971.0,-5.0,-2.0,5.39,710.37,-158.2,,,,,,0,0
1777264270.183459,1777264257,touchpad,move,,,,,,,1008.0,970.0,-3.0,-1.0,3.16,525.31,-161.6,,,,,,0,0
1777264270.191461,1777264257,touchpad,move,,,,,,,1005.0,969.0,-3.0,-1.0,3.16,395.17,-161.6,,,,,,0,0
1777264270.198011,1777264257,touchpad,move,,,,,,,1004.0,968.0,-1.0,-1.0,1.41,215.91,-135.0,,,,,,0,0
1777264270.204567,1777264257,touchpad,move,,,,,,,1003.0,968.0,-1.0,0.0,1.0,152.54,180.0,,,,,,0,0
1777264270.212571,1777264257,touchpad,move,,,,,,,1002.0,968.0,-1.0,0.0,1.0,124.93,180.0,,,,,,0,0
1777264270.219093,1777264257,touchpad,move,,,,,,,1002.0,968.0,0.0,0.0,0.0,0.0,0.0,,,,,,0,0
1777264270.225108,1777264257,touchpad,move,,,,,,,1002.0,967.0,0.0,-1.0,1.0,166.25,-90.0,,,,,,0,0
1777264270.23211,1777264257,touchpad,move,,,,,,,1001.0,967.0,-1.0,0.0,1.0,142.82,180.0,,,,,,0,0
1777264270.23969,1777264257,touchpad,move,,,,,,,1000.0,967.0,-1.0,0.0,1.0,152.0,180.0,,,,,,0,0
1777264270.246702,1777264257,touchpad,move,,,,,,,1000.0,967.0,0.0,0.0,0.0,0.0,0.0,,,,,,0,0
1777264270.253719,1777264257,touchpad,move,,,,,,,999.0,967.0,-1.0,0.0,1.0,142.51,180.0,,,,,,0,0
1777264270.274254,1777264257,touchpad,move,,,,,,,999.0,966.0,0.0,-1.0,1.0,48.7,-90.0,,,,,,0,0
1777264270.280801,1777264257,touchpad,move,,,,,,,999.0,965.0,0.0,-1.0,1.0,152.74,-90.0,,,,,,0,0
1777264270.308923,1777264257,touchpad,move,,,,,,,998.0,965.0,-1.0,0.0,1.0,35.56,180.0,,,,,,0,0
1777264270.314916,1777264257,touchpad,move,,,,,,,998.0,965.0,0.0,0.0,0.0,0.0,0.0,,,,,,0,0
1777264270.322358,1777264257,touchpad,move,,,,,,,998.0,964.0,0.0,-1.0,1.0,134.37,-90.0,,,,,,0,0
1777264270.336397,1777264257,touchpad,move,,,,,,,998.0,964.0,0.0,0.0,0.0,0.0,0.0,,,,,,0,0
1777264270.343629,1777264257,touchpad,move,,,,,,,998.0,964.0,0.0,0.0,0.0,0.0,0.0,,,,,,0,0
1777264270.350641,1777264257,touchpad,move,,,,,,,998.0,964.0,0.0,0.0,0.0,0.0,0.0,,,,,,0,0
1777264270.370235,1777264257,touchpad,move,,,,,,,998.0,963.0,0.0,-1.0,1.0,48.55,-90.0,,,,,,0,0
1777264270.384769,1777264257,touchpad,move,,,,,,,998.0,963.0,0.0,0.0,0.0,0.0,0.0,,,,,,0,0
1777264270.656818,1777264257,touchpad,tap_press,,,,left,0.0,,998.0,963.0,,,,,,,,,,,0,0
1777264270.877806,1777264257,touchpad,tap_release,,,,left,,0.221,998.0,963.0,,,,,,,,,,,0,0
1777264273.338507,1777264257,keyboard,key_press,h,,0.0,,,,,,,,,,,,,,,,0,0
1777264273.448378,1777264257,keyboard,key_release,h,0.1099,,,,,,,,,,,,,,,,,0,0
1777264273.570121,1777264257,keyboard,key_press,e,,0.1217,,,,,,,,,,,,,,,,0,0
1777264273.709241,1777264257,keyboard,key_release,e,0.1391,,,,,,,,,,,,,,,,,0,0
1777264274.094139,1777264257,keyboard,key_press,l,,0.3849,,,,,,,,,,,,,,,,0,0
1777264274.16317,1777264257,keyboard,key_release,l,0.069,,,,,,,,,,,,,,,,,0,0
1777264274.236086,1777264257,keyboard,key_press,l,,0.0729,,,,,,,,,,,,,,,,0,0
1777264274.3088,1777264257,keyboard,key_release,l,0.0727,,,,,,,,,,,,,,,,,0,0
1777264274.40832,1777264257,keyboard,key_press,o,,0.0995,,,,,,,,,,,,,,,,0,0
1777264274.521506,1777264257,keyboard,key_release,o,0.1122,,,,,,,,,,,,,,,,,0,0
1777264274.800694,1777264257,keyboard,key_press,Key.space,,0.2802,,,,,,,,,,,,,,,,0,0
1777264274.880927,1777264257,keyboard,key_release,Key.space,0.0802,,,,,,,,,,,,,,,,,0,0
1777264275.221041,1777264257,keyboard,key_press,i,,0.3401,,,,,,,,,,,,,,,,0,0
1777264275.3067,1777264257,keyboard,key_release,i,0.0857,,,,,,,,,,,,,,,,,0,0
1777264275.515215,1777264257,keyboard,key_press,Key.space,,0.2085,,,,,,,,,,,,,,,,0,0
1777264275.587422,1777264257,keyboard,key_release,Key.space,0.0722,,,,,,,,,,,,,,,,,0,0
1777264275.934781,1777264257,keyboard,key_press,a,,0.3474,,,,,,,,,,,,,,,,0,0
1777264276.106735,1777264257,keyboard,key_press,m,,0.5193,,,,,,,,,,,,,,,,0,0
1777264276.115258,1777264257,keyboard,key_release,a,0.1805,,,,,,,,,,,,,,,,,0,0
1777264276.170906,1777264257,keyboard,key_release,m,0.0642,,,,,,,,,,,,,,,,,0,0
1777264276.277098,1777264257,keyboard,key_press,Key.space,,0.1062,,,,,,,,,,,,,,,,0,0
1777264276.371849,1777264257,keyboard,key_release,Key.space,0.0948,,,,,,,,,,,,,,,,,0,0
1777264276.672903,1777264257,keyboard,key_press,s,,0.3011,,,,,,,,,,,,,,,,0,0
1777264276.808922,1777264257,keyboard,key_release,s,0.136,,,,,,,,,,,,,,,,,0,0
1777264276.92051,1777264257,keyboard,key_press,a,,0.1116,,,,,,,,,,,,,,,,0,0
1777264277.081868,1777264257,keyboard,key_release,a,0.1614,,,,,,,,,,,,,,,,,0,0
1777264277.128934,1777264257,keyboard,key_press,m,,0.0471,,,,,,,,,,,,,,,,0,0
1777264277.203499,1777264257,keyboard,key_release,m,0.0746,,,,,,,,,,,,,,,,,0,0
1777264277.440031,1777264257,keyboard,key_press,r,,0.2365,,,,,,,,,,,,,,,,0,0
1777264277.571281,1777264257,keyboard,key_release,r,0.1313,,,,,,,,,,,,,,,,,0,0
1777264277.61425,1777264257,keyboard,key_press,u,,0.043,,,,,,,,,,,,,,,,0,0
1777264277.698566,1777264257,keyboard,key_release,u,0.0843,,,,,,,,,,,,,,,,,0,0
1777264278.024933,1777264257,keyboard,key_press,d,,0.3264,,,,,,,,,,,,,,,,0,0
1777264278.109626,1777264257,keyboard,key_release,d,0.0847,,,,,,,,,,,,,,,,,0,0
1777264278.184191,1777264257,keyboard,key_press,d,,0.0746,,,,,,,,,,,,,,,,0,0
1777264278.293089,1777264257,keyboard,key_release,d,0.1089,,,,,,,,,,,,,,,,,0,0
1777264278.411114,1777264257,keyboard,key_press,h,,0.118,,,,,,,,,,,,,,,,0,0
1777264278.495595,1777264257,keyboard,key_release,h,0.0845,,,,,,,,,,,,,,,,,0,0
1777264278.634986,1777264257,keyboard,key_press,i,,0.1394,,,,,,,,,,,,,,,,0,0
1777264278.726506,1777264257,keyboard,key_release,i,0.0915,,,,,,,,,,,,,,,,,0,0
1777264279.028378,1777264257,keyboard,key_press,Key.space,,0.3019,,,,,,,,,,,,,,,,0,0
1777264279.08375,1777264257,keyboard,key_release,Key.space,0.0554,,,,,,,,,,,,,,,,,0,0
1777264279.284923,1777264257,keyboard,key_press,p,,0.2012,,,,,,,,,,,,,,,,0,0
1777264279.394132,1777264257,keyboard,key_release,p,0.1092,,,,,,,,,,,,,,,,,0,0
1777264279.474802,1777264257,keyboard,key_press,a,,0.0807,,,,,,,,,,,,,,,,0,0
1777264279.615777,1777264257,keyboard,key_release,a,0.141,,,,,,,,,,,,,,,,,0,0
1777264279.635247,1777264257,keyboard,key_press,i,,0.0195,,,,,,,,,,,,,,,,0,0
1777264279.71559,1777264257,keyboard,key_release,i,0.0803,,,,,,,,,,,,,,,,,0,0
1777264279.917414,1777264257,keyboard,key_press,Key.space,,0.2018,,,,,,,,,,,,,,,,0,0
1777264279.978384,1777264257,keyboard,key_release,Key.space,0.061,,,,,,,,,,,,,,,,,0,0
1777264282.044894,1777264257,keyboard,key_press,.,,2.0665,,,,,,,,,,,,,,,,0,0
1777264282.09404,1777264257,keyboard,key_release,.,0.0491,,,,,,,,,,,,,,,,,0,0
1777264282.863594,1777264257,keyboard,key_press,i,,0.7696,,,,,,,,,,,,,,,,0,0
1777264282.943267,1777264257,keyboard,key_release,i,0.0797,,,,,,,,,,,,,,,,,0,0
1777264283.162702,1777264257,keyboard,key_press,Key.space,,0.2194,,,,,,,,,,,,,,,,0,0
1777264283.224988,1777264257,keyboard,key_release,Key.space,0.0613,,,,,,,,,,,,,,,,,0,0
1777264283.455431,1777264257,keyboard,key_press,a,,0.2314,,,,,,,,,,,,,,,,0,0
1777264283.582473,1777264257,keyboard,key_press,m,,0.3585,,,,,,,,,,,,,,,,0,0
1777264283.62783,1777264257,keyboard,key_release,a,0.1724,,,,,,,,,,,,,,,,,0,0
1777264283.634887,1777264257,keyboard,key_release,m,0.0524,,,,,,,,,,,,,,,,,0,0
1777264283.76193,1777264257,keyboard,key_press,Key.space,,0.1261,,,,,,,,,,,,,,,,0,0
1777264283.824775,1777264257,keyboard,key_release,Key.space,0.0638,,,,,,,,,,,,,,,,,0,0
1777264285.318294,1777264257,keyboard,key_press,Key.backspace,,1.4935,,,,,,,,,,,,,,,,0,0
1777264285.380992,1777264257,keyboard,key_release,Key.backspace,0.0627,,,,,,,,,,,,,,,,,0,0
1777264285.491079,1777264257,keyboard,key_press,Key.backspace,,0.1101,,,,,,,,,,,,,,,,0,0
1777264285.566288,1777264257,keyboard,key_release,Key.backspace,0.0752,,,,,,,,,,,,,,,,,0,0
1777264286.215753,1777264257,keyboard,key_press,Key.space,,0.6495,,,,,,,,,,,,,,,,0,0
1777264286.274159,1777264257,keyboard,key_release,Key.space,0.0584,,,,,,,,,,,,,,,,,0,0
1777264286.887654,1777264257,keyboard,key_press,c,,0.6135,,,,,,,,,,,,,,,,0,0
1777264287.054149,1777264257,keyboard,key_release,c,0.1665,,,,,,,,,,,,,,,,,0,0
1777264288.087782,1777264257,keyboard,key_press,u,,1.0336,,,,,,,,,,,,,,,,0,0
1777264288.162275,1777264257,keyboard,key_release,u,0.0745,,,,,,,,,,,,,,,,,0,0
1777264288.541943,1777264257,keyboard,key_press,r,,0.3797,,,,,,,,,,,,,,,,0,0
1777264288.64292,1777264257,keyboard,key_release,r,0.101,,,,,,,,,,,,,,,,,0,0
1777264288.736354,1777264257,keyboard,key_press,r,,0.0934,,,,,,,,,,,,,,,,0,0
1777264288.810395,1777264257,keyboard,key_release,r,0.074,,,,,,,,,,,,,,,,,0,0
1777264288.915452,1777264257,keyboard,key_press,e,,0.1051,,,,,,,,,,,,,,,,0,0
1777264289.020436,1777264257,keyboard,key_release,e,0.105,,,,,,,,,,,,,,,,,0,0
1777264289.108252,1777264257,keyboard,key_press,n,,0.0878,,,,,,,,,,,,,,,,0,0
1777264289.191338,1777264257,keyboard,key_release,n,0.0831,,,,,,,,,,,,,,,,,0,0
1777264289.364911,1777264257,keyboard,key_press,t,,0.1736,,,,,,,,,,,,,,,,0,0
1777264289.438699,1777264257,keyboard,key_release,t,0.0738,,,,,,,,,,,,,,,,,0,0
1777264289.568566,1777264257,keyboard,key_press,y,,0.1299,,,,,,,,,,,,,,,,0,0
1777264289.662199,1777264257,keyboard,key_release,y,0.0936,,,,,,,,,,,,,,,,,0,0
1777264289.851319,1777264257,keyboard,key_press,Key.space,,0.1891,,,,,,,,,,,,,,,,0,0
1777264289.921533,1777264257,keyboard,key_release,Key.space,0.0702,,,,,,,,,,,,,,,,,0,0
1777264290.626268,1777264257,keyboard,key_press,i,,0.7047,,,,,,,,,,,,,,,,0,0
1777264290.731024,1777264257,keyboard,key_release,i,0.1048,,,,,,,,,,,,,,,,,0,0
1777264290.913439,1777264257,keyboard,key_press,Key.space,,0.1824,,,,,,,,,,,,,,,,0,0
1777264290.994623,1777264257,keyboard,key_release,Key.space,0.0812,,,,,,,,,,,,,,,,,0,0
1777264291.082651,1777264257,keyboard,key_press,a,,0.088,,,,,,,,,,,,,,,,0,0
1777264291.23488,1777264257,keyboard,key_release,a,0.1522,,,,,,,,,,,,,,,,,0,0
1777264291.237877,1777264257,keyboard,key_press,m,,0.003,,,,,,,,,,,,,,,,0,0
1777264291.295051,1777264257,keyboard,key_release,m,0.0572,,,,,,,,,,,,,,,,,0,0
1777264291.40243,1777264257,keyboard,key_press,Key.space,,0.1074,,,,,,,,,,,,,,,,0,0
1777264291.476445,1777264257,keyboard,key_release,Key.space,0.074,,,,,,,,,,,,,,,,,0,0
1777264294.339399,1777264257,keyboard,key_press,p,,2.863,,,,,,,,,,,,,,,,0,0
1777264294.407524,1777264257,keyboard,key_release,p,0.0681,,,,,,,,,,,,,,,,,0,0
1777264294.644384,1777264257,keyboard,key_press,u,,0.2369,,,,,,,,,,,,,,,,0,0
1777264294.703653,1777264257,keyboard,key_release,u,0.0593,,,,,,,,,,,,,,,,,0,0
1777264294.871194,1777264257,keyboard,key_press,r,,0.1675,,,,,,,,,,,,,,,,0,0
1777264294.99113,1777264257,keyboard,key_release,r,0.1199,,,,,,,,,,,,,,,,,0,0
1777264295.297275,1777264257,keyboard,key_press,s,,0.3061,,,,,,,,,,,,,,,,0,0
1777264295.417426,1777264257,keyboard,key_release,s,0.1191,,,,,,,,,,,,,,,,,0,0
1777264295.640029,1777264257,keyboard,key_press,u,,0.2236,,,,,,,,,,,,,,,,0,0
1777264295.709493,1777264257,keyboard,key_release,u,0.0695,,,,,,,,,,,,,,,,,0,0
1777264296.440305,1777264257,keyboard,key_press,i,,0.7308,,,,,,,,,,,,,,,,0,0
1777264296.539041,1777264257,keyboard,key_release,i,0.0987,,,,,,,,,,,,,,,,,0,0
1777264296.727002,1777264257,keyboard,key_press,n,,0.188,,,,,,,,,,,,,,,,0,0
1777264296.807152,1777264257,keyboard,key_release,n,0.0802,,,,,,,,,,,,,,,,,0,0
1777264296.993417,1777264257,keyboard,key_press,g,,0.1863,,,,,,,,,,,,,,,,0,0
1777264297.049035,1777264257,keyboard,key_release,g,0.0556,,,,,,,,,,,,,,,,,0,0
1777264297.185292,1777264257,keyboard,key_press,Key.space,,0.1363,,,,,,,,,,,,,,,,0,0
1777264297.256448,1777264257,keyboard,key_release,Key.space,0.0712,,,,,,,,,,,,,,,,,0,0
1777264299.33114,1777264257,keyboard,key_press,a,,2.0747,,,,,,,,,,,,,,,,0,0
1777264299.495358,1777264257,keyboard,key_release,a,0.1642,,,,,,,,,,,,,,,,,0,0
1777264299.640092,1777264257,keyboard,key_press,l,,0.1447,,,,,,,,,,,,,,,,0,0
1777264299.716758,1777264257,keyboard,key_release,l,0.0767,,,,,,,,,,,,,,,,,0,0
1777264300.319098,1777264257,keyboard,key_press,Key.shift_r,,0.6023,,,,,,,,,,,,,,,,0,0
1777264300.497405,1777264257,keyboard,key_press,?,,0.7806,,,,,,,,,,,,,,,,0,0
1777264300.548577,1777264257,keyboard,key_release,Key.shift_r,0.2295,,,,,,,,,,,,,,,,,0,0
1777264301.012353,1777264257,keyboard,key_press,m,,0.4638,,,,,,,,,,,,,,,,0,0
1777264301.113574,1777264257,keyboard,key_release,m,0.1012,,,,,,,,,,,,,,,,,0,0
1777264301.201946,1777264257,keyboard,key_press,l,,0.0884,,,,,,,,,,,,,,,,0,0
1777264301.308534,1777264257,keyboard,key_release,l,0.1066,,,,,,,,,,,,,,,,,0,0
1777264301.523545,1777264257,keyboard,key_press,Key.space,,0.2141,,,,,,,,,,,,,,,,0,0
1777264301.570282,1777264257,keyboard,key_release,Key.space,0.0477,,,,,,,,,,,,,,,,,0,0
1777264302.413108,1777264257,keyboard,key_press,e,,0.8428,,,,,,,,,,,,,,,,0,0
1777264302.52811,1777264257,keyboard,key_release,e,0.115,,,,,,,,,,,,,,,,,0,0
1777264302.640129,1777264257,keyboard,key_press,n,,0.112,,,,,,,,,,,,,,,,0,0
1777264302.714694,1777264257,keyboard,key_release,n,0.0746,,,,,,,,,,,,,,,,,0,0
1777264303.051553,1777264257,keyboard,key_press,g,,0.3369,,,,,,,,,,,,,,,,0,0
1777264303.146343,1777264257,keyboard,key_release,g,0.0948,,,,,,,,,,,,,,,,,0,0
1777264303.334378,1777264257,keyboard,key_press,i,,0.188,,,,,,,,,,,,,,,,0,0
1777264303.417994,1777264257,keyboard,key_release,i,0.0836,,,,,,,,,,,,,,,,,0,0
1777264303.599221,1777264257,keyboard,key_press,n,,0.1812,,,,,,,,,,,,,,,,0,0
1777264303.683769,1777264257,keyboard,key_release,n,0.0845,,,,,,,,,,,,,,,,,0,0
1777264304.022124,1777264257,keyboard,key_press,e,,0.3384,,,,,,,,,,,,,,,,0,0
1777264304.094954,1777264257,keyboard,key_release,e,0.0728,,,,,,,,,,,,,,,,,0,0
1777264304.17586,1777264257,keyboard,key_press,e,,0.0809,,,,,,,,,,,,,,,,0,0
1777264304.278529,1777264257,keyboard,key_release,e,0.1027,,,,,,,,,,,,,,,,,0,0
1777264304.390598,1777264257,keyboard,key_press,r,,0.1121,,,,,,,,,,,,,,,,0,0
1777264304.506385,1777264257,keyboard,key_release,r,0.1158,,,,,,,,,,,,,,,,,0,0
1777264304.523544,1777264257,keyboard,key_press,i,,0.0172,,,,,,,,,,,,,,,,0,0
1777264304.604893,1777264257,keyboard,key_release,i,0.0813,,,,,,,,,,,,,,,,,0,0
1777264304.752587,1777264257,keyboard,key_press,n,,0.1477,,,,,,,,,,,,,,,,0,0
1777264304.844208,1777264257,keyboard,key_release,n,0.0916,,,,,,,,,,,,,,,,,0,0
1777264304.982615,1777264257,keyboard,key_press,g,,0.1384,,,,,,,,,,,,,,,,0,0
1777264305.086378,1777264257,keyboard,key_release,g,0.1038,,,,,,,,,,,,,,,,,0,0
1777264306.591203,1777264257,keyboard,key_press,Key.esc,,1.5048,,,,,,,,,,,,,,,,0,0
1777264306.748804,1777264257,keyboard,key_release,Key.esc,0.1576,,,,,,,,,,,,,,,,,0,0
1777264515.174313,1777264513,keyboard,key_press,n,,0.0,,,,,,,,,,,,,,,,0,0
1777264515.226659,1777264513,keyboard,key_release,n,0.0523,,,,,,,,,,,,,,,,,0,0
1777264515.405657,1777264513,keyboard,key_press,o,,0.179,,,,,,,,,,,,,,,,0,0
1777264515.476625,1777264513,keyboard,key_release,o,0.071,,,,,,,,,,,,,,,,,0,0
1777264515.751635,1777264513,keyboard,key_press,w,,0.275,,,,,,,,,,,,,,,,0,0
1777264515.87952,1777264513,keyboard,key_release,w,0.1279,,,,,,,,,,,,,,,,,0,0
1777264515.940778,1777264513,keyboard,key_press,Key.space,,0.0613,,,,,,,,,,,,,,,,0,0
1777264515.991033,1777264513,keyboard,key_release,Key.space,0.0503,,,,,,,,,,,,,,,,,0,0
1777264516.717968,1777264513,keyboard,key_press,i,,0.7269,,,,,,,,,,,,,,,,0,0
1777264516.788183,1777264513,keyboard,key_release,i,0.0702,,,,,,,,,,,,,,,,,0,0
1777264516.987765,1777264513,keyboard,key_press,Key.space,,0.1996,,,,,,,,,,,,,,,,0,0
1777264517.018529,1777264513,keyboard,key_release,Key.space,0.0308,,,,,,,,,,,,,,,,,0,0
1777264517.174911,1777264513,keyboard,key_press,a,,0.1564,,,,,,,,,,,,,,,,0,0
1777264517.310727,1777264513,keyboard,key_release,a,0.1358,,,,,,,,,,,,,,,,,0,0
1777264517.322289,1777264513,keyboard,key_press,m,,0.0116,,,,,,,,,,,,,,,,0,0
1777264517.386705,1777264513,keyboard,key_release,m,0.0644,,,,,,,,,,,,,,,,,0,0
1777264517.519082,1777264513,keyboard,key_press,Key.space,,0.1324,,,,,,,,,,,,,,,,0,0
1777264517.590929,1777264513,keyboard,key_release,Key.space,0.0718,,,,,,,,,,,,,,,,,0,0
1777264519.231698,1777264513,keyboard,key_press,w,,1.6408,,,,,,,,,,,,,,,,0,0
1777264519.348553,1777264513,keyboard,key_release,w,0.1169,,,,,,,,,,,,,,,,,0,0
1777264519.394186,1777264513,keyboard,key_press,o,,0.0456,,,,,,,,,,,,,,,,0,0
1777264519.469917,1777264513,keyboard,key_release,o,0.0757,,,,,,,,,,,,,,,,,0,0
1777264519.756901,1777264513,keyboard,key_press,r,,0.287,,,,,,,,,,,,,,,,0,0
1777264519.827066,1777264513,keyboard,key_release,r,0.0702,,,,,,,,,,,,,,,,,0,0
1777264520.210889,1777264513,keyboard,key_press,k,,0.3838,,,,,,,,,,,,,,,,0,0
1777264520.28413,1777264513,keyboard,key_release,k,0.0732,,,,,,,,,,,,,,,,,0,0
1777264520.385658,1777264513,keyboard,key_press,i,,0.1015,,,,,,,,,,,,,,,,0,0
1777264520.46987,1777264513,keyboard,key_release,i,0.0842,,,,,,,,,,,,,,,,,0,0
1777264520.614975,1777264513,keyboard,key_press,n,,0.1451,,,,,,,,,,,,,,,,0,0
1777264520.681123,1777264513,keyboard,key_release,n,0.0661,,,,,,,,,,,,,,,,,0,0
1777264520.840997,1777264513,keyboard,key_press,g,,0.1599,,,,,,,,,,,,,,,,0,0
1777264520.905362,1777264513,keyboard,key_release,g,0.0644,,,,,,,,,,,,,,,,,0,0
1777264521.059308,1777264513,keyboard,key_press,Key.space,,0.1539,,,,,,,,,,,,,,,,0,0
1777264521.120553,1777264513,keyboard,key_release,Key.space,0.0612,,,,,,,,,,,,,,,,,0,0
1777264524.523499,1777264513,keyboard,key_press,f,,3.4029,,,,,,,,,,,,,,,,0,0
1777264524.681164,1777264513,keyboard,key_release,f,0.1577,,,,,,,,,,,,,,,,,0,0
1777264524.6981,1777264513,keyboard,key_press,o,,0.0169,,,,,,,,,,,,,,,,0,0
1777264524.776505,1777264513,keyboard,key_release,o,0.0784,,,,,,,,,,,,,,,,,0,0
1777264524.883446,1777264513,keyboard,key_press,r,,0.1069,,,,,,,,,,,,,,,,0,0
1777264525.014024,1777264513,keyboard,key_release,r,0.1296,,,,,,,,,,,,,,,,,0,0
1777264525.057481,1777264513,keyboard,key_press,Key.space,,0.0445,,,,,,,,,,,,,,,,0,0
1777264525.12381,1777264513,keyboard,key_release,Key.space,0.0663,,,,,,,,,,,,,,,,,0,0
1777264525.385687,1777264513,keyboard,key_press,a,,0.2619,,,,,,,,,,,,,,,,0,0
1777264525.520643,1777264513,keyboard,key_release,a,0.135,,,,,,,,,,,,,,,,,0,0
1777264525.537204,1777264513,keyboard,key_press,Key.space,,0.0166,,,,,,,,,,,,,,,,0,0
1777264525.588558,1777264513,keyboard,key_release,Key.space,0.0514,,,,,,,,,,,,,,,,,0,0
1777264525.934582,1777264513,keyboard,key_press,p,,0.346,,,,,,,,,,,,,,,,0,0
1777264526.001985,1777264513,keyboard,key_release,p,0.0674,,,,,,,,,,,,,,,,,0,0
1777264526.267822,1777264513,keyboard,key_press,r,,0.2658,,,,,,,,,,,,,,,,0,0
1777264526.388736,1777264513,keyboard,key_release,r,0.1209,,,,,,,,,,,,,,,,,0,0
1777264526.417825,1777264513,keyboard,key_press,o,,0.0291,,,,,,,,,,,,,,,,0,0
1777264526.495642,1777264513,keyboard,key_release,o,0.0778,,,,,,,,,,,,,,,,,0,0
1777264526.744983,1777264513,keyboard,key_press,j,,0.2493,,,,,,,,,,,,,,,,0,0
1777264526.836149,1777264513,keyboard,key_release,j,0.0912,,,,,,,,,,,,,,,,,0,0
1777264527.119207,1777264513,keyboard,key_press,e,,0.2831,,,,,,,,,,,,,,,,0,0
1777264527.253349,1777264513,keyboard,key_release,e,0.1341,,,,,,,,,,,,,,,,,0,0
1777264527.604314,1777264513,keyboard,key_press,c,,0.351,,,,,,,,,,,,,,,,0,0
1777264527.683864,1777264513,keyboard,key_release,c,0.0796,,,,,,,,,,,,,,,,,0,0
1777264527.818459,1777264513,keyboard,key_press,t,,0.1346,,,,,,,,,,,,,,,,0,0
1777264527.895658,1777264513,keyboard,key_release,t,0.0772,,,,,,,,,,,,,,,,,0,0
1777264528.104652,1777264513,keyboard,key_press,Key.space,,0.209,,,,,,,,,,,,,,,,0,0
1777264528.176339,1777264513,keyboard,key_release,Key.space,0.0717,,,,,,,,,,,,,,,,,0,0
1777264529.648272,1777264513,keyboard,key_press,Key.esc,,1.4719,,,,,,,,,,,,,,,,0,0
1777264529.793586,1777264513,keyboard,key_release,Key.esc,0.1443,,,,,,,,,,,,,,,,,0,0
1777266621.336682,1777266613,keyboard,key_press,i,,0.0,,,,,,,,,,,,,,,,0,0
1777266621.395538,1777266613,keyboard,key_release,i,0.0589,,,,,,,,,,,,,,,,,0,0
1777266622.490265,1777266613,keyboard,key_press,Key.space,,1.0947,,,,,,,,,,,,,,,,0,0
1777266622.592728,1777266613,keyboard,key_release,Key.space,0.1015,,,,,,,,,,,,,,,,,0,0
1777266622.959703,1777266613,keyboard,key_press,l,,0.368,,,,,,,,,,,,,,,,0,0
1777266623.029545,1777266613,keyboard,key_release,l,0.0698,,,,,,,,,,,,,,,,,0,0
1777266623.151314,1777266613,keyboard,key_press,i,,0.1218,,,,,,,,,,,,,,,,0,0
1777266623.206069,1777266613,keyboard,key_release,i,0.0548,,,,,,,,,,,,,,,,,0,0
1777266623.296769,1777266613,keyboard,key_press,k,,0.0907,,,,,,,,,,,,,,,,0,0
1777266623.396666,1777266613,keyboard,key_release,k,0.0999,,,,,,,,,,,,,,,,,0,0
1777266623.581379,1777266613,keyboard,key_press,e,,0.1847,,,,,,,,,,,,,,,,0,0
1777266623.699966,1777266613,keyboard,key_release,e,0.1186,,,,,,,,,,,,,,,,,0,0
1777266623.77169,1777266613,keyboard,key_press,Key.space,,0.0717,,,,,,,,,,,,,,,,0,0
1777266623.836905,1777266613,keyboard,key_release,Key.space,0.0652,,,,,,,,,,,,,,,,,0,0
1777266624.256843,1777266613,keyboard,key_press,m,,0.4199,,,,,,,,,,,,,,,,0,0
1777266624.325807,1777266613,keyboard,key_release,m,0.069,,,,,,,,,,,,,,,,,0,0
1777266624.517893,1777266613,keyboard,key_press,u,,0.1921,,,,,,,,,,,,,,,,0,0
1777266624.571709,1777266613,keyboard,key_release,u,0.0538,,,,,,,,,,,,,,,,,0,0
1777266624.816045,1777266613,keyboard,key_press,s,,0.2443,,,,,,,,,,,,,,,,0,0
1777266624.927205,1777266613,keyboard,key_release,s,0.1112,,,,,,,,,,,,,,,,,0,0
1777266625.00453,1777266613,keyboard,key_press,i,,0.0773,,,,,,,,,,,,,,,,0,0
1777266625.068322,1777266613,keyboard,key_release,i,0.0638,,,,,,,,,,,,,,,,,0,0
1777266625.474931,1777266613,keyboard,key_press,c,,0.4066,,,,,,,,,,,,,,,,0,0
1777266625.531115,1777266613,keyboard,key_release,c,0.0562,,,,,,,,,,,,,,,,,0,0
1777266626.103313,1777266613,keyboard,key_press,Key.space,,0.5722,,,,,,,,,,,,,,,,0,0
1777266626.172932,1777266613,keyboard,key_release,Key.space,0.0696,,,,,,,,,,,,,,,,,0,0
1777266626.926736,1777266613,keyboard,key_press,.,,0.7538,,,,,,,,,,,,,,,,0,0
1777266626.99232,1777266613,keyboard,key_release,.,0.0656,,,,,,,,,,,,,,,,,0,0
1777266627.201657,1777266613,keyboard,key_press,Key.space,,0.2093,,,,,,,,,,,,,,,,0,0
1777266627.242847,1777266613,keyboard,key_release,Key.space,0.0412,,,,,,,,,,,,,,,,,0,0
1777266627.839115,1777266613,keyboard,key_press,i,,0.5963,,,,,,,,,,,,,,,,0,0
1777266627.917665,1777266613,keyboard,key_release,i,0.0786,,,,,,,,,,,,,,,,,0,0
1777266628.11459,1777266613,keyboard,key_press,Key.space,,0.1969,,,,,,,,,,,,,,,,0,0
1777266628.167848,1777266613,keyboard,key_release,Key.space,0.0533,,,,,,,,,,,,,,,,,0,0
1777266628.90293,1777266613,keyboard,key_press,r,,0.7351,,,,,,,,,,,,,,,,0,0
1777266629.025812,1777266613,keyboard,key_release,r,0.1229,,,,,,,,,,,,,,,,,0,0
1777266629.150928,1777266613,keyboard,key_press,e,,0.1251,,,,,,,,,,,,,,,,0,0
1777266629.252764,1777266613,keyboard,key_release,e,0.1018,,,,,,,,,,,,,,,,,0,0
1777266629.542518,1777266613,keyboard,key_press,g,,0.2898,,,,,,,,,,,,,,,,0,0
1777266629.606244,1777266613,keyboard,key_release,g,0.0637,,,,,,,,,,,,,,,,,0,0
1777266629.790327,1777266613,keyboard,key_press,u,,0.1841,,,,,,,,,,,,,,,,0,0
1777266629.855358,1777266613,keyboard,key_release,u,0.065,,,,,,,,,,,,,,,,,0,0
1777266630.243003,1777266613,keyboard,key_press,l,,0.3876,,,,,,,,,,,,,,,,0,0
1777266630.33609,1777266613,keyboard,key_release,l,0.0931,,,,,,,,,,,,,,,,,0,0
1777266630.492699,1777266613,keyboard,key_press,a,,0.1566,,,,,,,,,,,,,,,,0,0
1777266630.638171,1777266613,keyboard,key_release,a,0.1455,,,,,,,,,,,,,,,,,0,0
1777266630.767712,1777266613,keyboard,key_press,r,,0.1295,,,,,,,,,,,,,,,,0,0
1777266630.828639,1777266613,keyboard,key_release,r,0.0609,,,,,,,,,,,,,,,,,0,0
1777266631.185211,1777266613,keyboard,key_press,l,,0.3566,,,,,,,,,,,,,,,,0,0
1777266631.257359,1777266613,keyboard,key_release,l,0.0721,,,,,,,,,,,,,,,,,0,0
1777266631.456708,1777266613,keyboard,key_press,y,,0.1993,,,,,,,,,,,,,,,,0,0
1777266631.514555,1777266613,keyboard,key_release,y,0.0578,,,,,,,,,,,,,,,,,0,0
1777266631.694272,1777266613,keyboard,key_press,Key.space,,0.1797,,,,,,,,,,,,,,,,0,0
1777266631.77149,1777266613,keyboard,key_release,Key.space,0.0772,,,,,,,,,,,,,,,,,0,0
1777266634.301453,1777266613,keyboard,key_press,l,,2.53,,,,,,,,,,,,,,,,0,0
1777266634.364359,1777266613,keyboard,key_release,l,0.0629,,,,,,,,,,,,,,,,,0,0
1777266634.497503,1777266613,keyboard,key_press,i,,0.1331,,,,,,,,,,,,,,,,0,0
1777266634.565678,1777266613,keyboard,key_release,i,0.0682,,,,,,,,,,,,,,,,,0,0
1777266634.795519,1777266613,keyboard,key_press,s,,0.2298,,,,,,,,,,,,,,,,0,0
1777266634.923724,1777266613,keyboard,key_release,s,0.1282,,,,,,,,,,,,,,,,,0,0
1777266634.992085,1777266613,keyboard,key_press,t,,0.0684,,,,,,,,,,,,,,,,0,0
1777266635.050524,1777266613,keyboard,key_release,t,0.0584,,,,,,,,,,,,,,,,,0,0
1777266635.348357,1777266613,keyboard,key_press,e,,0.2978,,,,,,,,,,,,,,,,0,0
1777266635.473554,1777266613,keyboard,key_release,e,0.1252,,,,,,,,,,,,,,,,,0,0
1777266635.535947,1777266613,keyboard,key_press,n,,0.0624,,,,,,,,,,,,,,,,0,0
1777266635.597512,1777266613,keyboard,key_release,n,0.0616,,,,,,,,,,,,,,,,,0,0
1777266635.772203,1777266613,keyboard,key_press,Key.space,,0.1747,,,,,,,,,,,,,,,,0,0
1777266635.858588,1777266613,keyboard,key_release,Key.space,0.0864,,,,,,,,,,,,,,,,,0,0
1777266636.30446,1777266613,keyboard,key_press,t,,0.4459,,,,,,,,,,,,,,,,0,0
1777266636.419478,1777266613,keyboard,key_release,t,0.115,,,,,,,,,,,,,,,,,0,0
1777266636.43774,1777266613,keyboard,key_press,o,,0.0183,,,,,,,,,,,,,,,,0,0
1777266636.501,1777266613,keyboard,key_release,o,0.0633,,,,,,,,,,,,,,,,,0,0
1777266636.695438,1777266613,keyboard,key_press,Key.space,,0.1944,,,,,,,,,,,,,,,,0,0
1777266636.779619,1777266613,keyboard,key_release,Key.space,0.0842,,,,,,,,,,,,,,,,,0,0
1777266636.941422,1777266613,keyboard,key_press,m,,0.1618,,,,,,,,,,,,,,,,0,0
1777266637.021618,1777266613,keyboard,key_release,m,0.0802,,,,,,,,,,,,,,,,,0,0
1777266637.187947,1777266613,keyboard,key_press,u,,0.1663,,,,,,,,,,,,,,,,0,0
1777266637.264095,1777266613,keyboard,key_release,u,0.0761,,,,,,,,,,,,,,,,,0,0
1777266637.470626,1777266613,keyboard,key_press,s,,0.2065,,,,,,,,,,,,,,,,0,0
1777266637.597756,1777266613,keyboard,key_release,s,0.1271,,,,,,,,,,,,,,,,,0,0
1777266637.681989,1777266613,keyboard,key_press,i,,0.0842,,,,,,,,,,,,,,,,0,0
1777266637.762013,1777266613,keyboard,key_release,i,0.08,,,,,,,,,,,,,,,,,0,0
1777266638.026244,1777266613,keyboard,key_press,c,,0.2642,,,,,,,,,,,,,,,,0,0
1777266638.085274,1777266613,keyboard,key_release,c,0.059,,,,,,,,,,,,,,,,,0,0
1777266638.206137,1777266613,keyboard,key_press,Key.space,,0.1209,,,,,,,,,,,,,,,,0,0
1777266638.306427,1777266613,keyboard,key_release,Key.space,0.1003,,,,,,,,,,,,,,,,,0,0
1777266640.424691,1777266613,keyboard,key_press,Key.esc,,2.1183,,,,,,,,,,,,,,,,0,0
1777266640.598929,1777266613,keyboard,key_release,Key.esc,0.1742,,,,,,,,,,,,,,,,,0,0
